,년,월,시간,주야,요일,시도,시군구,사고유형_대분류,면허경과년수,가해자법규위반,성별,연령,사망여부,가해자음주농도,보호장구,안전모_착용여부,도로종류,도로형태_대분류,도로형태,도로선형_대분류,도로선형_중분류,도로선형,교차로형태_대분류,교차로형태,노면상태_대분류,노면상태,기상상태,어린이보호구역여부,시도군구,exists,long,lat
20978,2013,5,4,야,토,서울시,양천구,차량단독,5~9,안전운전 의무 불이행,남,23,1,0,안전모,착용,특별광역시도,단일로,기타단일로,직선,직선,내리막,교차로아님,교차로아님,포장,건조,맑음,N,서울시양천구,1,126.868708333333,37.5142305555555
20989,2013,5,11,주,토,전라북도,순창군,차량단독,미상,안전운전 의무 불이행,남,72,1,0,안전모,착용,군도,,,커브ㆍ곡각 ,우,내리막,교차로아님,교차로아님,포장,건조,맑음,N,전라북도순창군,1,127.139630555555,35.3713888888888
21010,2013,5,17,주,토,경기도,파주시,차대차,15~,안전운전 의무 불이행,남,35,1,0,안전모,,시도,단일로,기타단일로,커브ㆍ곡각 ,우,평지  ,교차로아님,교차로아님,포장,건조,맑음,N,경기도파주시,1,126.781952777777,37.7570833333333
21039,2013,5,22,야,토,경기도,안산시,차량단독,미상,안전운전 의무 불이행,남,22,1,0,안전모,착용,시도,단일로,기타단일로,커브ㆍ곡각 ,우,평지  ,교차로아님,교차로아님,포장,건조,맑음,N,경기도안산시,1,126.846819444444,37.2985194444444
21048,2013,5,9,주,일,경기도,여주시,차대차,미상,안전운전 의무 불이행,남,73,1,0,안전모,미착용,군도,교차로,교차로내,직선,직선,평지,교차로,교차로 - 사지,포장,건조,맑음,N,경기도여주시,1,127.639622222222,37.2953583333333
21053,2013,5,13,주,일,제주시,서귀포시,차량단독,15~,안전운전 의무 불이행,남,35,1,0.15%~0.19%,안전모,착용,지방도,단일로,기타단일로,직선,직선,평지,교차로아님,교차로아님,포장,건조,맑음,N,제주시서귀포시,1,126.512555555555,33.25235
21185,2013,5,17,주,화,경상북도,영양군,차대차,10~14,중앙선 침범,남,81,1,0,안전모,착용,군도,단일로,기타단일로,커브ㆍ곡각 ,좌,평지  ,교차로아님,교차로아님,포장,건조,맑음,N,경상북도영양군,1,129.114622222222,36.6642749999999
21207,2013,5,3,야,수,충청북도,진천군,차대차,5~9,중앙선 침범,남,46,1,0,안전모,미착용,일반국도,교차로,교차로부근,직선,직선,평지,교차로,교차로 - 삼지,포장,건조,맑음,N,충청북도진천군,1,127.437644444444,36.8525388888888
21208,2013,5,4,야,수,서울시,종로구,차량단독,1~4,안전운전 의무 불이행,남,28,1,0.15%~0.19%,안전모,착용,특별광역시도,단일로,터널안,직선,직선,평지,교차로아님,교차로아님,포장,건조,맑음,N,서울시종로구,1,126.981641666666,37.5703777777777
21256,2013,5,3,야,목,경기도,광주시,차량단독,1~4,안전운전 의무 불이행,남,18,1,0,안전모,미착용,일반국도,단일로,기타단일로,커브ㆍ곡각 ,좌,평지  ,교차로아님,교차로아님,포장,건조,맑음,N,경기도광주시,1,127.257786111111,37.4145055555555
21260,2013,5,5,야,목,경기도,수원시,차대차,10~14,신호위반,남,70,1,0,안전모,착용,시도,교차로,교차로내,직선,직선,평지,교차로,교차로 - 사지,포장,건조,맑음,N,경기도수원시,1,127.012222222222,37.3010111111111
21309,2013,5,20,야,목,충청남도,논산시,차량단독,5~9,과속,남,25,1,0,안전모,착용,일반국도,단일로,기타단일로,직선,직선,내리막,교차로아님,교차로아님,포장,건조,맑음,N,충청남도논산시,1,127.100911111111,36.1842027777777
21335,2013,5,5,야,금,전라남도,무안군,차대차,15~,중앙선 침범,남,72,1,0,안전모,,일반국도,단일로,기타단일로,직선,직선,평지,교차로아님,교차로아님,포장,건조,맑음,N,전라남도무안군,1,126.4837,34.9873694444444
21338,2013,5,10,주,금,충청남도,당진시,차량단독,15~,안전운전 의무 불이행,남,71,1,0,,,군도,교차로,교차로내,직선,직선,평지,교차로,교차로 - 삼지,포장,건조,맑음,N,충청남도당진시,1,126.630252777777,36.89075
21339,2013,5,10,주,금,전라남도,보성군,차대차,15~,안전운전 의무 불이행,남,82,1,0,안전모,착용,일반국도,교차로,교차로내,직선,직선,평지,교차로,교차로 - 삼지,포장,건조,맑음,N,전라남도보성군,1,127.082088888888,34.7683333333333
21342,2013,5,11,주,금,경기도,김포시,차대차,15~,안전거리 미확보,남,76,1,0,안전모,착용,일반국도,단일로,기타단일로,직선,직선,평지,교차로아님,교차로아님,포장,건조,맑음,N,경기도김포시,1,126.717777777777,37.6124583333333
21396,2013,5,5,야,토,경기도,의정부시,차량단독,1~4,안전운전 의무 불이행,남,20,1,0.10%~0.14%,안전모,미착용,일반국도,단일로,기타단일로,직선,직선,오르막,교차로아님,교차로아님,포장,건조,맑음,N,경기도의정부시,1,127.035841666666,37.7352888888888
21500,2013,5,14,주,월,충청남도,서산시,차대차,10~14,중앙선 침범,여,69,1,0,안전모,미착용,지방도,교차로,교차로부근,직선,직선,평지,교차로,교차로 - 삼지,포장,건조,맑음,N,충청남도서산시,1,126.452163888888,36.7820972222222
21582,2013,5,20,야,화,충청남도,홍성군,차대차,1~4,안전운전 의무 불이행,남,22,1,0,안전모,,군도,단일로,기타단일로,직선,직선,오르막,교차로아님,교차로아님,포장,건조,맑음,N,충청남도홍성군,1,126.662908333333,36.5983611111111
21790,2013,5,18,야,토,충청남도,보령시,차량단독,15~,안전운전 의무 불이행,남,64,1,0.15%~0.19%,안전모,착용,시도,단일로,기타단일로,직선,직선,평지,교차로아님,교차로아님,포장,건조,맑음,N,충청남도보령시,1,126.614886111111,36.330575
21826,2013,5,5,야,일,경기도,고양시,차량단독,1~4,안전운전 의무 불이행,남,19,1,0,안전모,,시도,단일로,기타단일로,직선,직선,평지,교차로아님,교차로아님,포장,건조,맑음,N,경기도고양시,1,126.777055555555,37.6559083333333
21828,2013,5,6,주,일,전라북도,군산시,차대차,1~4,신호위반,남,62,1,0,안전모,,시도,교차로,교차로내,직선,직선,평지,교차로,교차로 - 사지,포장,건조,맑음,N,전라북도군산시,1,126.738844444444,35.9646416666666
21876,2013,5,1,야,월,경기도,수원시,차대차,10~14,신호위반,남,27,1,0,,,일반국도,교차로,교차로내,직선,직선,평지,교차로,교차로 - 사지,포장,건조,맑음,N,경기도수원시,1,127.012222222222,37.3010111111111
21891,2013,5,16,주,월,충청남도,아산시,차량단독,10~14,안전운전 의무 불이행,남,75,1,0.10%~0.14%,안전모,,,단일로,기타단일로,직선,직선,평지,교차로아님,교차로아님,포장,젖음/습기,비,N,충청남도아산시,1,127.004641666666,36.7871055555555
21937,2013,5,17,주,화,세종시,세종시,차량단독,15~,안전운전 의무 불이행,남,77,1,0.15%~0.19%,안전모,미착용,이면도로,교차로,교차로부근,커브ㆍ곡각 ,좌,내리막,교차로,교차로 - 삼지,포장,건조,흐림,N,세종시세종시,1,127.289448,36.479522
22129,2013,6,10,주,토,경기도,고양시,차대차,15~,안전운전 의무 불이행,남,80,1,0,안전모,착용,시도,단일로,기타단일로,직선,직선,평지,교차로아님,교차로아님,포장,건조,맑음,N,경기도고양시,1,126.777055555555,37.6559083333333
22135,2013,6,13,주,토,경상남도,함안군,차대차,15~,안전운전 의무 불이행,남,71,1,0.05%~0.09%,안전모,미착용,이면도로,교차로,교차로내,커브ㆍ곡각 ,좌,내리막,교차로,교차로 - 삼지,포장,건조,맑음,N,경상남도함안군,1,128.408708333333,35.2694055555555
22178,2013,6,1,야,일,경상북도,구미시,차량단독,1~4,안전운전 의무 불이행,남,21,1,0,안전모,착용,시도,교차로,교차로내,직선,직선,내리막,교차로,교차로 - 삼지,포장,건조,맑음,N,경상북도구미시,1,128.346777777777,36.11655
22180,2013,6,3,야,일,광주시,광산구,차대차,미상,중앙선 침범,남,15,1,0,안전모,,특별광역시도,교차로,교차로부근,커브ㆍ곡각 ,우,평지  ,교차로,교차로 - 사지,포장,건조,맑음,N,광주시광산구,1,126.793668011574,35.1399583648888
22203,2013,6,15,주,일,경상북도,상주시,차대차,미상,안전운전 의무 불이행,남,54,1,0.20%~0.24%,,,시도,교차로,교차로부근,직선,직선,평지,교차로,교차로 - 사지,포장,건조,맑음,N,경상북도상주시,1,128.161263888888,36.4079694444444
22239,2013,6,3,야,월,서울시,강동구,차량단독,5~9,안전운전 의무 불이행,남,54,1,0.10%~0.14%,안전모,착용,특별광역시도,단일로,기타단일로,직선,직선,평지,교차로아님,교차로아님,포장,건조,맑음,N,서울시강동구,1,127.125863888888,37.5273666666666
22263,2013,6,15,주,월,경기도,이천시,차량단독,1~4,안전운전 의무 불이행,남,18,1,0,안전모,미착용,시도,교차로,교차로부근,,,,교차로,교차로 - 삼지,포장,건조,맑음,N,경기도이천시,1,127.443219444444,37.2754361111111
22465,2013,6,23,야,목,전라남도,나주시,차량단독,5~9,안전운전 의무 불이행,여,71,1,0,안전모,,이면도로,,,직선,직선,평지,교차로아님,교차로아님,포장,건조,맑음,N,전라남도나주시,1,126.712866666666,35.0128388888888
22467,2013,6,1,야,금,인천시,부평구,차대차,1~4,중앙선 침범,남,16,1,0,안전모,미착용,특별광역시도,교차로,교차로부근,직선,직선,평지,교차로,교차로 - 삼지,포장,건조,맑음,N,인천시부평구,1,126.721906848531,37.5078420372559
22493,2013,6,11,주,금,경기도,남양주시,차대차,15~,교차로 통행방법 위반,남,44,1,0,안전모,착용,지방도,교차로,교차로내,직선,직선,평지,교차로,교차로 - 사지,포장,건조,맑음,N,경기도남양주시,1,127.218633333333,37.6331777777777
22496,2013,6,12,주,금,제주시,제주시,차량단독,15~,안전운전 의무 불이행,남,76,1,0,안전모,미착용,이면도로,단일로,기타단일로,직선,직선,평지,교차로아님,교차로아님,포장,건조,맑음,N,제주시제주시,1,126.533208333333,33.4963111111111
22553,2013,6,5,야,토,서울시,서대문구,차량단독,1~4,안전운전 의무 불이행,남,29,1,0,안전모,착용,특별광역시도,단일로,기타단일로,커브ㆍ곡각 ,좌,평지  ,교차로아님,교차로아님,포장,건조,맑음,N,서울시서대문구,1,126.938897222222,37.5763666666666
22566,2013,6,12,주,토,서울시,중랑구,차대차,1~4,신호위반,남,32,1,0,안전모,미착용,특별광역시도,교차로,교차로내,직선,직선,평지,교차로,교차로 - 사지,포장,건조,맑음,N,서울시중랑구,1,127.094777777777,37.6038055555555
22640,2013,6,18,야,일,제주시,제주시,차대차,미상,중앙선 침범,남,74,1,0,안전모,착용,지방도,단일로,기타단일로,직선,직선,평지,교차로아님,교차로아님,포장,젖음/습기,비,N,제주시제주시,1,126.533208333333,33.4963111111111
22711,2013,6,20,야,월,전라남도,영광군,차대차,10~14,중앙선 침범,남,70,1,0,안전모,,일반국도,단일로,기타단일로,직선,직선,평지,교차로아님,교차로아님,포장,건조,맑음,N,전라남도영광군,1,126.514086111111,35.2741666666666
22725,2013,6,1,야,화,전라북도,군산시,차량단독,1~4,안전운전 의무 불이행,남,23,1,0,,,시도,단일로,기타단일로,직선,직선,평지,교차로아님,교차로아님,포장,건조,맑음,N,전라북도군산시,1,126.738844444444,35.9646416666666
23044,2013,6,12,주,일,경기도,양주시,차량단독,5~9,안전운전 의무 불이행,남,23,1,0,안전모,착용,지방도,단일로,기타단일로,직선,직선,오르막,교차로아님,교차로아님,포장,건조,맑음,N,경기도양주시,1,127.047819444444,37.78245
23053,2013,6,15,주,일,충청북도,보은군,차량단독,15~,안전운전 의무 불이행,남,42,1,0,안전모,착용,일반국도,,,커브ㆍ곡각 ,좌,오르막,교차로아님,교차로아님,포장,건조,맑음,N,충청북도보은군,1,127.731608333333,36.4865333333333
23089,2013,6,8,주,월,경기도,광주시,차량단독,15~,안전운전 의무 불이행,남,50,1,0,안전모,착용,일반국도,단일로,기타단일로,커브ㆍ곡각 ,좌,평지  ,교차로아님,교차로아님,포장,건조,맑음,N,경기도광주시,1,127.257786111111,37.4145055555555
23108,2013,6,15,주,월,경기도,성남시,차대차,미상,안전운전 의무 불이행,남,16,1,0,,,시도,교차로,교차로부근,직선,직선,평지,교차로,교차로 - 사지,포장,건조,맑음,N,경기도성남시,1,127.147719444444,37.4474916666666
23138,2013,6,5,야,화,전라남도,영광군,차량단독,15~,안전운전 의무 불이행,남,36,1,0,안전모,미착용,지방도,교차로,교차로내,직선,직선,오르막,교차로,교차로 - 삼지,포장,건조,맑음,N,전라남도영광군,1,126.514086111111,35.2741666666666
23257,2013,6,17,주,목,인천시,미추홀구,차대차,10~14,신호위반,남,45,1,0,안전모,착용,특별광역시도,,,직선,직선,평지,교차로아님,교차로아님,포장,건조,맑음,N,인천시미추홀구,1,126.650297226959,37.4636916934167
23278,2013,6,21,야,목,서울시,용산구,차량단독,10~14,,남,39,1,0,안전모,착용,특별광역시도,단일로,기타단일로,커브ㆍ곡각 ,좌,평지  ,교차로아님,교차로아님,포장,건조,맑음,N,서울시용산구,1,126.967522222222,37.5360944444444
23313,2013,6,12,주,금,제주시,서귀포시,차대차,5~9,신호위반,여,71,1,0,안전모,착용,지방도,교차로,교차로내,직선,직선,평지,교차로,교차로 - 사지,포장,건조,맑음,N,제주시서귀포시,1,126.512555555555,33.25235
23349,2013,6,22,야,금,경상북도,경주시,철길건널목,10~14,,남,31,1,0,,,,철길건널목,철길건널목,직선,직선,평지,교차로아님,교차로아님,포장,건조,맑음,N,경상북도경주시,1,129.227022222222,35.8531694444444
23373,2013,6,11,주,토,충청북도,영동군,차대차,15~,교차로 통행방법 위반,남,78,1,0,안전모,,군도,교차로,교차로내,커브ㆍ곡각 ,좌,평지  ,교차로,교차로 - 사지,포장,건조,맑음,N,충청북도영동군,1,127.785611111111,36.1720583333333
23407,2013,6,22,야,토,경상남도,거창군,차량단독,10~14,안전운전 의무 불이행,남,59,1,0,안전모,,군도,단일로,기타단일로,직선,직선,평지,교차로아님,교차로아님,포장,젖음/습기,비,N,경상남도거창군,1,127.911655555555,35.683625
23444,2013,6,21,야,일,경기도,군포시,차대차,1~4,신호위반,남,19,1,0,안전모,미착용,시도,교차로,교차로내,직선,직선,평지,교차로,교차로 - 사지,포장,건조,맑음,N,경기도군포시,1,126.9375,37.3586583333333
23455,2013,6,4,야,월,충청북도,음성군,차대차,15~,중앙선 침범,남,77,1,0,,,지방도,교차로,교차로부근,커브ㆍ곡각 ,우,평지  ,교차로,교차로 - 삼지,포장,건조,맑음,N,충청북도음성군,1,127.692622222222,36.9374055555555
23518,2013,6,3,야,화,울산시,남구,차대차,10~14,신호위반,남,35,1,0,안전모,착용,특별광역시도,교차로,교차로내,직선,직선,평지,교차로,교차로 - 사지,포장,건조,맑음,N,울산시남구,1,129.330175357608,35.5440426532722
23533,2013,6,14,주,화,전라남도,신안군,차대차,1~4,중앙선 침범,남,66,1,0,안전모,미착용,군도,단일로,기타단일로,직선,직선,평지,교차로아님,교차로아님,포장,젖음/습기,흐림,N,전라남도신안군,1,126.381730555555,34.7898111111111
23574,2013,6,9,주,수,경기도,파주시,차량단독,10~14,안전운전 의무 불이행,남,71,1,0,,,일반국도,단일로,고가도로위,직선,직선,내리막,교차로아님,교차로아님,포장,건조,맑음,N,경기도파주시,1,126.781952777777,37.7570833333333
23585,2013,6,15,주,수,경기도,평택시,차량단독,미상,안전운전 의무 불이행,남,57,1,0,,,이면도로,단일로,기타단일로,직선,직선,평지,교차로아님,교차로아님,포장,건조,맑음,N,경기도평택시,1,127.114655555555,36.9894388888888
23602,2013,6,21,야,수,충청남도,천안시,차대사람,10~14,안전운전 의무 불이행,남,71,1,0,안전모,,지방도,단일로,기타단일로,직선,직선,평지,교차로아님,교차로아님,포장,건조,맑음,N,충청남도천안시,1,127.152466666666,36.804125
23612,2013,6,23,야,수,부산시,사상구,차량단독,5~9,안전운전 의무 불이행,남,25,1,0.05%~0.09%,안전모,,특별광역시도,교차로,교차로부근,직선,직선,오르막,교차로,교차로 - 삼지,포장,건조,맑음,N,부산시사상구,1,128.993333333333,35.1494666666666
23750,2013,6,20,야,토,강원도,동해시,차대차,5~9,안전거리 미확보,남,57,1,0.05%~0.09%,안전모,,시도,단일로,기타단일로,직선,직선,내리막,교차로아님,교차로아님,포장,건조,맑음,N,강원도동해시,1,129.116633333333,37.5219305555555
23763,2013,6,22,야,토,인천시,부평구,차대차,미상,안전운전 의무 불이행,남,16,1,0,,,특별광역시도,단일로,기타단일로,직선,직선,평지,교차로아님,교차로아님,포장,건조,맑음,N,인천시부평구,1,126.721906848531,37.5078420372559
23781,2013,6,5,야,일,부산시,부산진구,차량단독,미상,안전운전 의무 불이행,남,18,1,0.15%~0.19%,안전모,미착용,특별광역시도,단일로,기타단일로,직선,직선,평지,교차로아님,교차로아님,포장,건조,맑음,N,부산시부산진구,1,129.055319444444,35.1599527777777
23834,2013,6,22,야,일,강원도,강릉시,차대차,15~,안전운전 의무 불이행,남,44,1,0,안전모,착용,시도,단일로,기타단일로,직선,직선,평지,교차로아님,교차로아님,포장,건조,맑음,N,강원도강릉시,1,128.878497222222,37.7491361111111
23846,2013,7,7,주,월,울산시,북구,차대차,1~4,안전운전 의무 불이행,남,17,1,0,안전모,착용,특별광역시도,단일로,기타단일로,직선,직선,평지,교차로아님,교차로아님,포장,건조,맑음,N,울산시북구,1,129.361244971292,35.5827078312412
23894,2013,7,0,야,화,경기도,고양시,차량단독,1~4,안전운전 의무 불이행,남,23,1,0,안전모,,시도,단일로,기타단일로,직선,직선,평지,교차로아님,교차로아님,포장,건조,흐림,N,경기도고양시,1,126.777055555555,37.6559083333333
23898,2013,7,3,야,화,경상남도,통영시,차량단독,1~4,안전운전 의무 불이행,남,19,1,0,안전모,,일반국도,단일로,기타단일로,커브ㆍ곡각 ,좌,내리막,교차로아님,교차로아님,포장,젖음/습기,비,N,경상남도통영시,1,128.435277777777,34.8512583333333
23908,2013,7,12,주,화,대구시,달서구,차대차,10~14,,남,52,1,0,안전모,착용,특별광역시도,교차로,교차로내,직선,직선,평지,교차로,교차로 - 사지,포장,건조,맑음,N,대구시달서구,1,128.532590453916,35.8299774381395
23954,2013,7,16,주,수,전라북도,전주시,차대차,15~,안전운전 의무 불이행,남,38,1,0,안전모,착용,시도,단일로,기타단일로,직선,직선,평지,교차로아님,교차로아님,포장,건조,맑음,N,전라북도전주시,1,127.121919444444,35.8091888888888
24040,2013,7,17,주,금,전라북도,김제시,차대차,10~14,중앙선 침범,남,79,1,0,안전모,착용,일반국도,단일로,기타단일로,직선,직선,평지,교차로아님,교차로아님,포장,젖음/습기,비,N,전라북도김제시,1,126.882752777777,35.8005749999999
24072,2013,7,9,주,토,경기도,성남시,차대차,5~9,안전운전 의무 불이행,남,26,1,0,안전모,착용,시도,단일로,기타단일로,직선,직선,평지,교차로아님,교차로아님,포장,건조,맑음,N,경기도성남시,1,127.147719444444,37.4474916666666
24090,2013,7,17,주,토,경기도,용인시,차량단독,미상,안전운전 의무 불이행,남,75,1,0,안전모,미착용,이면도로,단일로,기타단일로,직선,직선,평지,교차로아님,교차로아님,포장,건조,맑음,N,경기도용인시,1,127.203844444444,37.2314777777777
24119,2013,7,6,주,일,서울시,용산구,차량단독,1~4,과속,남,20,1,0.05%~0.09%,안전모,,특별광역시도,단일로,고가도로위,커브ㆍ곡각 ,우,오르막,교차로아님,교차로아님,포장,건조,맑음,N,서울시용산구,1,126.967522222222,37.5360944444444
24122,2013,7,9,주,일,경상북도,예천군,차대차,미상,안전운전 의무 불이행,남,67,1,0,안전모,착용,지방도,단일로,기타단일로,직선,직선,평지,교차로아님,교차로아님,포장,건조,맑음,N,경상북도예천군,1,128.455022222222,36.65495
24173,2013,7,13,주,월,전라북도,전주시,차대차,15~,안전운전 의무 불이행,남,77,1,0,안전모,착용,지방도,단일로,기타단일로,직선,직선,내리막,교차로아님,교차로아님,포장,건조,맑음,N,전라북도전주시,1,127.121919444444,35.8091888888888
24269,2013,7,18,야,수,경상남도,창원시,차대차,1~4,안전운전 의무 불이행,남,72,1,0,안전모,미착용,시도,단일로,기타단일로,직선,직선,평지,교차로아님,교차로아님,포장,건조,맑음,N,경상남도창원시,1,128.6401544,35.2540033
24272,2013,7,20,야,수,충청남도,보령시,차량단독,1~4,안전운전 의무 불이행,여,19,1,0,안전모,착용,시도,교차로,교차로내,직선,직선,평지,교차로,교차로 - 삼지,포장,건조,맑음,N,충청남도보령시,1,126.614886111111,36.330575
24285,2013,7,1,야,목,경기도,의정부시,차량단독,1~4,안전운전 의무 불이행,남,32,1,0.20%~0.24%,안전모,미착용,시도,,,커브ㆍ곡각 ,우,내리막,교차로아님,교차로아님,포장,건조,맑음,N,경기도의정부시,1,127.035841666666,37.7352888888888
24358,2013,7,18,야,금,충청북도,청원군,차량단독,미상,안전운전 의무 불이행,남,64,1,0,안전모,착용,일반국도,교차로,교차로부근,직선,직선,평지,교차로,교차로 - 삼지,포장,건조,맑음,N,충청북도청원군,1,127.431119,36.549748
24476,2013,7,7,주,월,서울시,송파구,차대차,5~9,신호위반,남,28,1,0.05%~0.09%,,,특별광역시도,교차로,교차로내,직선,직선,평지,교차로,교차로 - 사지,포장,젖음/습기,비,N,서울시송파구,1,127.107930555555,37.5117555555555
24553,2013,7,17,주,화,전라북도,전주시,차량단독,미상,안전운전 의무 불이행,남,46,1,0,안전모,미착용,시도,단일로,기타단일로,직선,직선,평지,교차로아님,교차로아님,포장,건조,맑음,N,전라북도전주시,1,127.121919444444,35.8091888888888
24614,2013,7,19,야,수,전라남도,강진군,차량단독,미상,안전운전 의무 불이행,남,70,1,0.20%~0.24%,,,군도,교차로,교차로내,커브ㆍ곡각 ,우,평지  ,교차로,교차로 - 삼지,포장,건조,맑음,N,전라남도강진군,1,126.769197222222,34.6389111111111
24738,2013,7,2,야,토,서울시,마포구,차대차,5~9,안전운전 의무 불이행,남,24,1,0,안전모,미착용,특별광역시도,교차로,교차로부근,직선,직선,평지,교차로,교차로 - 사지,포장,건조,맑음,N,서울시마포구,1,126.910530555555,37.5607055555555
24748,2013,7,10,주,토,전라남도,영광군,차량단독,1~4,안전운전 의무 불이행,남,76,1,0,안전모,,일반국도,교차로,교차로내,직선,직선,평지,교차로,교차로 - 사지,포장,건조,맑음,N,전라남도영광군,1,126.514086111111,35.2741666666666
24766,2013,7,16,주,토,충청남도,예산군,차량단독,15~,안전운전 의무 불이행,남,67,1,0,,,군도,단일로,기타단일로,커브ㆍ곡각 ,좌,평지  ,교차로아님,교차로아님,포장,건조,맑음,N,충청남도예산군,1,126.850874999999,36.6798055555555
24800,2013,7,10,주,일,충청남도,아산시,차대차,1~4,신호위반,남,62,1,0,안전모,미착용,시도,교차로,교차로내,직선,직선,평지,교차로,교차로 - 사지,포장,건조,맑음,N,충청남도아산시,1,127.004641666666,36.7871055555555
24848,2013,7,5,야,월,경상북도,경산시,차량단독,미상,안전운전 의무 불이행,남,84,1,0,안전모,,,단일로,교량위,커브ㆍ곡각 ,우,내리막,교차로아님,교차로아님,포장,건조,맑음,N,경상북도경산시,1,128.743463888888,35.8220888888888
24882,2013,7,20,야,월,경기도,의정부시,차대차,15~,신호위반,남,42,1,0,안전모,착용,시도,교차로,교차로내,직선,직선,오르막,교차로,교차로 - 사지,포장,젖음/습기,비,N,경기도의정부시,1,127.035841666666,37.7352888888888
24959,2013,7,15,주,수,경상북도,봉화군,차대차,1~4,안전운전 의무 불이행,남,63,1,0,안전모,미착용,군도,교차로,교차로부근,직선,직선,평지,교차로,교차로 - 삼지,포장,건조,맑음,N,경상북도봉화군,1,128.734875,36.8902611111111
24965,2013,7,17,주,수,경상북도,고령군,차량단독,15~,안전운전 의무 불이행,남,74,1,0,안전모,미착용,이면도로,단일로,기타단일로,직선,직선,평지,교차로아님,교차로아님,포장,건조,맑음,N,경상북도고령군,1,128.265022222222,35.7229861111111
24991,2013,7,0,야,목,전라북도,익산시,차량단독,15~,안전운전 의무 불이행,남,53,1,0.10%~0.14%,안전모,,일반국도,단일로,기타단일로,직선,직선,평지,교차로아님,교차로아님,포장,건조,맑음,N,전라북도익산시,1,126.959852777777,35.9452749999999
25019,2013,7,16,주,목,경상북도,상주시,차대차,5~9,중앙선 침범,남,75,1,0,안전모,착용,시도,단일로,기타단일로,커브ㆍ곡각 ,우,내리막,교차로아님,교차로아님,포장,건조,맑음,N,경상북도상주시,1,128.161263888888,36.4079694444444
25082,2013,7,18,야,금,전라남도,영암군,차량단독,15~,안전운전 의무 불이행,남,71,1,0,안전모,착용,,단일로,기타단일로,직선,직선,평지,교차로아님,교차로아님,포장,건조,맑음,N,전라남도영암군,1,126.698619444444,34.7969888888888
25107,2013,7,1,야,토,충청남도,예산군,차량단독,1~4,안전운전 의무 불이행,남,59,1,0,안전모,미착용,,단일로,기타단일로,직선,직선,평지,교차로아님,교차로아님,포장,건조,맑음,N,충청남도예산군,1,126.850874999999,36.6798055555555
25123,2013,7,12,주,토,충청북도,괴산군,차대차,미상,안전운전 의무 불이행,남,80,1,0,,,이면도로,교차로,교차로내,직선,직선,평지,교차로,교차로 - 사지,포장,건조,맑음,N,충청북도괴산군,1,127.788830555555,36.8124305555555
25161,2013,7,22,야,토,충청남도,서산시,차량단독,1~4,안전운전 의무 불이행,남,49,1,0,안전모,,시도,단일로,기타단일로,커브ㆍ곡각 ,좌,오르막,교차로아님,교차로아님,포장,건조,맑음,N,충청남도서산시,1,126.452163888888,36.7820972222222
25249,2013,7,11,주,화,경상북도,울진군,차대차,1~4,안전운전 의무 불이행,남,79,1,0,안전모,미착용,군도,교차로,교차로부근,직선,직선,평지,교차로,교차로 - 삼지,포장,건조,맑음,N,경상북도울진군,1,129.402786111111,36.9901861111111
25279,2013,7,21,야,화,서울시,중랑구,차량단독,1~4,안전운전 의무 불이행,남,24,1,0,안전모,착용,특별광역시도,단일로,고가도로위,직선,직선,평지,교차로아님,교차로아님,포장,젖음/습기,비,N,서울시중랑구,1,127.094777777777,37.6038055555555
25345,2013,8,7,주,목,세종시,세종시,차량단독,10~14,안전운전 의무 불이행,남,52,1,0,,,,,,커브ㆍ곡각 ,우,내리막,교차로아님,교차로아님,포장,건조,맑음,N,세종시세종시,1,127.289448,36.479522
25530,2013,8,17,주,일,충청북도,제천시,차대차,5~9,중앙선 침범,남,31,1,0,안전모,착용,시도,단일로,기타단일로,커브ㆍ곡각 ,우,내리막,교차로아님,교차로아님,포장,건조,맑음,N,충청북도제천시,1,128.193152777777,37.1297694444444
25553,2013,8,22,야,일,인천시,연수구,차량단독,1~4,안전운전 의무 불이행,남,17,1,0,안전모,착용,특별광역시도,단일로,교량위,직선,직선,평지,교차로아님,교차로아님,포장,건조,맑음,N,인천시연수구,1,126.678265782781,37.4103812512024
25569,2013,8,10,주,월,경기도,시흥시,차대차,10~14,안전거리 미확보,남,51,1,0,안전모,착용,시도,교차로,교차로부근,직선,직선,내리막,교차로,교차로 - 삼지,포장,젖음/습기,비,N,경기도시흥시,1,126.805077777777,37.3773194444444
25664,2013,8,4,야,수,경상남도,함안군,차량단독,15~,안전운전 의무 불이행,남,74,1,0.05%~0.09%,안전모,착용,군도,단일로,기타단일로,직선,직선,평지,교차로아님,교차로아님,포장,건조,맑음,N,경상남도함안군,1,128.408708333333,35.2694055555555
25684,2013,8,14,주,수,경상북도,구미시,차대차,15~,중앙선 침범,남,71,1,0.05%~0.09%,안전모,착용,시도,단일로,기타단일로,직선,직선,평지,교차로아님,교차로아님,포장,건조,맑음,N,경상북도구미시,1,128.346777777777,36.11655