,년,월,시간,주야,요일,시도,시군구,사고유형_대분류,면허경과년수,가해자법규위반,성별,연령,사망여부,가해자음주농도,보호장구,안전모_착용여부,도로종류,도로형태_대분류,도로형태,도로선형_대분류,도로선형_중분류,도로선형,교차로형태_대분류,교차로형태,노면상태_대분류,노면상태,기상상태,어린이보호구역여부,시도군구,exists,long,lat
63956,2015,9,22,야,금,충청남도,홍성군,차대차,미상,안전운전 의무 불이행,남,17,1,0.25%~0.29%,안전모,미착용,군도,교차로,교차로부근,직선,직선,평지,교차로,교차로 - 삼지,포장,건조,맑음,N,충청남도홍성군,1,126.662908333333,36.5983611111111
63992,2015,9,12,주,토,전라남도,해남군,차대차,15~,안전운전 의무 불이행,남,75,1,0,안전모,,지방도,단일로,기타단일로,직선,직선,평지,교차로아님,교차로아님,포장,건조,흐림,N,전라남도해남군,1,126.601288888888,34.5704361111111
64053,2015,9,10,주,일,충청남도,서천군,차대차,15~,중앙선 침범,남,35,1,0,안전모,착용,일반국도,단일로,기타단일로,커브ㆍ곡각 ,우,오르막,교차로아님,교차로아님,포장,건조,맑음,N,충청남도서천군,1,126.693888888888,36.0774055555555
64063,2015,9,14,주,일,전라북도,완주군,차대차,15~,안전운전 의무 불이행,남,42,1,0,안전모,착용,일반국도,단일로,기타단일로,직선,직선,평지,교차로아님,교차로아님,포장,건조,맑음,N,전라북도완주군,1,127.149597222222,35.8429694444444
64098,2015,9,23,야,일,대전시,서구,차량단독,1~4,안전운전 의무 불이행,남,20,1,0,안전모,미착용,특별광역시도,교차로,교차로부근,직선,직선,평지,교차로,교차로 - 사지,포장,건조,흐림,N,대전시서구,1,127.383415811453,36.3570729893642
64191,2015,9,15,주,화,경상남도,합천군,차대차,15~,안전운전 의무 불이행,남,77,1,0,안전모,착용,지방도,단일로,기타단일로,직선,직선,평지,교차로아님,교차로아님,포장,건조,맑음,N,경상남도합천군,1,128.167930555555,35.5636166666666
64259,2015,9,16,주,수,전라북도,고창군,차량단독,10~14,안전운전 의무 불이행,남,76,1,0,안전모,,군도,단일로,기타단일로,커브ㆍ곡각 ,우,평지  ,교차로아님,교차로아님,포장,건조,맑음,N,전라북도고창군,1,126.704108333333,35.4327388888888
64316,2015,9,15,주,목,충청북도,옥천군,차대차,10~14,중앙선 침범,남,55,1,0,안전모,착용,군도,단일로,기타단일로,커브ㆍ곡각 ,좌,평지  ,교차로아님,교차로아님,포장,건조,맑음,N,충청북도옥천군,1,127.573633333333,36.3035499999999
64372,2015,9,12,주,금,경상남도,산청군,차량단독,미상,안전운전 의무 불이행,여,72,1,0,안전모,,지방도,단일로,기타단일로,직선,직선,평지,교차로아님,교차로아님,포장,건조,맑음,N,경상남도산청군,1,127.875619444444,35.4124916666666
64488,2015,9,2,야,일,경기도,가평군,차량단독,1~4,안전운전 의무 불이행,남,29,1,0,안전모,미착용,군도,단일로,기타단일로,커브ㆍ곡각 ,우,내리막,교차로아님,교차로아님,포장,건조,맑음,N,경기도가평군,1,127.511777777777,37.8288305555555
64493,2015,9,6,주,일,경기도,광주시,차대차,10~14,신호위반,남,40,1,0,안전모,착용,일반국도,교차로,교차로내,직선,직선,평지,교차로,교차로 - 사지,포장,건조,맑음,N,경기도광주시,1,127.257786111111,37.4145055555555
64506,2015,9,13,주,일,경상북도,상주시,차량단독,미상,안전운전 의무 불이행,남,66,1,0,안전모,,시도,단일로,기타단일로,직선,직선,내리막,교차로아님,교차로아님,포장,건조,맑음,N,경상북도상주시,1,128.161263888888,36.4079694444444
64561,2015,9,2,야,월,제주시,제주시,차대차,5~9,안전거리 미확보,남,25,1,0.20%~0.24%,안전모,착용,지방도,단일로,횡단보도부근,직선,직선,평지,교차로아님,교차로아님,포장,건조,맑음,N,제주시제주시,1,126.533208333333,33.4963111111111
64614,2015,9,2,야,화,부산시,수영구,차대차,1~4,중앙선 침범,남,22,1,0.05%~0.09%,안전모,,특별광역시도,단일로,터널안,직선,직선,평지,교차로아님,교차로아님,포장,건조,맑음,N,부산시수영구,1,129.115375,35.1424666666666
64702,2015,9,10,주,수,경기도,고양시,차대차,15~,신호위반,남,80,1,0,안전모,미착용,시도,교차로,교차로내,직선,직선,평지,교차로,교차로 - 사지,포장,건조,맑음,N,경기도고양시,1,126.777055555555,37.6559083333333
64710,2015,9,11,주,수,경상북도,포항시,차대차,15~,중앙선 침범,남,72,1,0,안전모,착용,지방도,단일로,기타단일로,커브ㆍ곡각 ,좌,평지  ,교차로아님,교차로아님,포장,건조,맑음,N,경상북도포항시,1,129.361666666666,36.0056861111111
64718,2015,9,14,주,수,전라남도,무안군,차대차,15~,신호위반,남,63,1,0,안전모,미착용,일반국도,교차로,교차로내,직선,직선,평지,교차로,교차로 - 사지,포장,건조,맑음,N,전라남도무안군,1,126.4837,34.9873694444444
64830,2015,9,8,주,금,경상남도,하동군,차대차,15~,중앙선 침범,남,65,1,0,안전모,착용,일반국도,단일로,기타단일로,직선,직선,평지,교차로아님,교차로아님,포장,건조,맑음,N,경상남도하동군,1,127.753430555555,35.0642027777777
64834,2015,9,10,주,금,전라남도,장흥군,차대차,미상,,남,33,1,0,안전모,,일반국도,교차로,교차로내,직선,직선,평지,교차로,교차로 - 삼지,포장,건조,맑음,N,전라남도장흥군,1,126.909108333333,34.678525
65025,2015,9,11,주,월,서울시,동작구,차량단독,15~,안전운전 의무 불이행,남,76,1,0,안전모,착용,특별광역시도,단일로,기타단일로,커브ㆍ곡각 ,좌,내리막,교차로아님,교차로아님,포장,건조,맑음,N,서울시동작구,1,126.941575,37.5096555555555
65085,2015,9,1,야,화,충청남도,계룡시,차량단독,5~9,안전운전 의무 불이행,남,48,1,0,안전모,미착용,시도,단일로,기타단일로,커브ㆍ곡각 ,우,평지  ,교차로아님,교차로아님,포장,건조,맑음,N,충청남도계룡시,1,127.250930555555,36.2718361111111
65098,2015,9,10,주,화,경기도,양평군,차대차,5~9,안전운전 의무 불이행,남,80,1,0,안전모,미착용,군도,교차로,교차로내,직선,직선,평지,교차로,교차로 - 사지,포장,건조,맑음,N,경기도양평군,1,127.489886111111,37.4889361111111
65186,2015,9,19,야,수,경기도,이천시,차대차,5~9,신호위반,여,51,1,0,안전모,착용,일반국도,교차로,교차로내,직선,직선,평지,교차로,교차로 - 사지,포장,건조,흐림,N,경기도이천시,1,127.443219444444,37.2754361111111
65370,2015,9,16,주,토,광주시,광산구,차대차,5~9,신호위반,남,23,1,0,안전모,착용,특별광역시도,교차로,교차로내,직선,직선,내리막,교차로,교차로 - 사지,포장,건조,맑음,N,광주시광산구,1,126.793668011574,35.1399583648888
65472,2015,9,11,주,화,경상북도,김천시,차량단독,15~,안전운전 의무 불이행,남,80,1,0,안전모,착용,시도,단일로,기타단일로,직선,직선,평지,교차로아님,교차로아님,포장,건조,맑음,N,경상북도김천시,1,128.1158,36.1368972222222
65482,2015,9,15,주,화,강원도,화천군,차량단독,미상,안전운전 의무 불이행,남,73,1,0,안전모,미착용,군도,단일로,교량위,직선,직선,내리막,교차로아님,교차로아님,포장,건조,맑음,N,강원도화천군,1,127.710355555555,38.1034083333333
65515,2015,9,22,야,화,대구시,달서구,차대차,10~14,신호위반,남,34,1,0,안전모,착용,특별광역시도,교차로,교차로내,직선,직선,평지,교차로,교차로 - 사지,포장,건조,맑음,N,대구시달서구,1,128.532590453916,35.8299774381395
65623,2015,10,10,주,금,경상남도,창원시,차대차,15~,신호위반,남,74,1,0,안전모,착용,시도,교차로,교차로내,직선,직선,평지,교차로,교차로 - 사지,포장,건조,맑음,N,경상남도창원시,1,128.6401544,35.2540033
65696,2015,10,9,주,토,충청북도,음성군,차량단독,10~14,안전운전 의무 불이행,남,29,1,0,안전모,착용,일반국도,단일로,기타단일로,커브ㆍ곡각 ,좌,평지  ,교차로아님,교차로아님,포장,건조,맑음,N,충청북도음성군,1,127.692622222222,36.9374055555555
65704,2015,10,11,주,토,제주시,제주시,차량단독,10~14,안전운전 의무 불이행,남,30,1,0,안전모,착용,지방도,단일로,기타단일로,커브ㆍ곡각 ,우,내리막,교차로아님,교차로아님,포장,건조,맑음,N,제주시제주시,1,126.533208333333,33.4963111111111
65737,2015,10,19,야,토,경상남도,함양군,차량단독,10~14,안전운전 의무 불이행,남,32,1,0,안전모,착용,일반국도,단일로,기타단일로,커브ㆍ곡각 ,좌,내리막,교차로아님,교차로아님,포장,건조,맑음,N,경상남도함양군,1,127.727419444444,35.5174694444444
65767,2015,10,11,주,일,경기도,가평군,차대차,5~9,중앙선 침범,남,23,1,0,안전모,착용,일반국도,단일로,기타단일로,커브ㆍ곡각 ,우,오르막,교차로아님,교차로아님,포장,건조,맑음,N,경기도가평군,1,127.511777777777,37.8288305555555
65784,2015,10,16,주,일,인천시,서구,차량단독,1~4,,남,20,1,0,안전모,착용,특별광역시도,단일로,기타단일로,커브ㆍ곡각 ,우,오르막,교차로아님,교차로아님,포장,건조,맑음,N,인천시서구,1,126.675961611619,37.5454637180429
65882,2015,10,11,주,화,경상북도,울진군,차대차,15~,안전운전 의무 불이행,남,80,1,0,안전모,착용,일반국도,교차로,교차로내,직선,직선,평지,교차로,교차로 - 사지,포장,건조,맑음,N,경상북도울진군,1,129.402786111111,36.9901861111111
65895,2015,10,15,주,화,충청북도,옥천군,차량단독,미상,안전운전 의무 불이행,여,73,1,0,안전모,미착용,이면도로,단일로,기타단일로,커브ㆍ곡각 ,우,내리막,교차로아님,교차로아님,포장,건조,맑음,N,충청북도옥천군,1,127.573633333333,36.3035499999999
65964,2015,10,18,야,수,경기도,의정부시,차대차,1~4,신호위반,남,85,1,0,안전모,착용,시도,교차로,교차로내,직선,직선,평지,교차로,교차로 - 사지,포장,건조,맑음,N,경기도의정부시,1,127.035841666666,37.7352888888888
65973,2015,10,0,야,목,경기도,용인시,차량단독,1~4,안전운전 의무 불이행,남,23,1,0.05%~0.09%,안전모,미착용,지방도,단일로,기타단일로,직선,직선,평지,교차로아님,교차로아님,포장,건조,맑음,N,경기도용인시,1,127.203844444444,37.2314777777777
65974,2015,10,0,야,목,인천시,중구,차량단독,미상,안전운전 의무 불이행,남,25,1,0,안전모,미착용,특별광역시도,단일로,기타단일로,커브ㆍ곡각 ,좌,평지  ,교차로아님,교차로아님,포장,건조,맑음,N,인천시중구,1,126.621761699973,37.4738484305043
65979,2015,10,7,주,목,부산시,부산진구,차대차,15~,안전운전 의무 불이행,남,70,1,0,안전모,착용,특별광역시도,단일로,횡단보도부근,직선,직선,평지,교차로아님,교차로아님,포장,건조,맑음,N,부산시부산진구,1,129.055319444444,35.1599527777777
66037,2015,10,23,야,목,강원도,동해시,차대차,10~14,안전운전 의무 불이행,남,33,1,0.10%~0.14%,안전모,착용,시도,단일로,기타단일로,직선,직선,오르막,교차로아님,교차로아님,포장,건조,맑음,N,강원도동해시,1,129.116633333333,37.5219305555555
66225,2015,10,18,야,일,서울시,관악구,차대차,1~4,신호위반,남,19,1,0,안전모,미착용,특별광역시도,교차로,교차로내,직선,직선,평지,교차로,교차로 - 삼지,포장,젖음/습기,비,N,서울시관악구,1,126.953844444444,37.4753861111111
66308,2015,10,10,주,화,충청남도,서산시,차대차,15~,안전운전 의무 불이행,남,72,1,0,안전모,착용,일반국도,단일로,기타단일로,직선,직선,평지,교차로아님,교차로아님,포장,건조,맑음,N,충청남도서산시,1,126.452163888888,36.7820972222222
66367,2015,10,13,주,수,경기도,파주시,차대차,미상,안전운전 의무 불이행,여,71,1,0,안전모,미착용,시도,교차로,교차로내,직선,직선,평지,교차로,교차로 - 사지,포장,건조,맑음,N,경기도파주시,1,126.781952777777,37.7570833333333
66373,2015,10,14,주,수,전라남도,완도군,차대차,미상,중앙선 침범,남,51,1,0.25%~0.29%,안전모,착용,지방도,단일로,기타단일로,직선,직선,오르막,교차로아님,교차로아님,포장,건조,맑음,N,전라남도완도군,1,126.757097222222,34.3078527777777
66383,2015,10,17,주,수,전라남도,나주시,차량단독,15~,안전운전 의무 불이행,남,69,1,0.10%~0.14%,안전모,미착용,시도,단일로,기타단일로,커브ㆍ곡각 ,좌,평지  ,교차로아님,교차로아님,포장,건조,맑음,N,전라남도나주시,1,126.712866666666,35.0128388888888
66431,2015,10,14,주,목,경상북도,구미시,차대차,미상,안전운전 의무 불이행,남,68,1,0,안전모,미착용,시도,단일로,교량위,직선,직선,평지,교차로아님,교차로아님,포장,건조,맑음,N,경상북도구미시,1,128.346777777777,36.11655
66452,2015,10,20,야,목,경기도,구리시,차량단독,5~9,안전운전 의무 불이행,남,49,1,0.10%~0.14%,안전모,착용,시도,단일로,기타단일로,커브ㆍ곡각 ,우,평지  ,교차로아님,교차로아님,포장,건조,맑음,N,경기도구리시,1,127.131863888888,37.591625
66503,2015,10,17,주,금,전라남도,영광군,차대차,15~,중앙선 침범,남,72,1,0,안전모,미착용,지방도,단일로,기타단일로,직선,직선,평지,교차로아님,교차로아님,포장,건조,흐림,N,전라남도영광군,1,126.514086111111,35.2741666666666
66541,2015,10,12,주,토,강원도,고성군,차량단독,10~14,안전운전 의무 불이행,남,73,1,0,안전모,착용,일반국도,교차로,교차로부근,직선,직선,평지,교차로,교차로 - 사지,포장,건조,맑음,N,강원도고성군,1,128.470163888888,38.3779611111111
66567,2015,10,20,야,토,충청북도,괴산군,차량단독,미상,안전운전 의무 불이행,남,68,1,0,안전모,착용,,단일로,기타단일로,커브ㆍ곡각 ,좌,내리막,교차로아님,교차로아님,포장,건조,기타,N,충청북도괴산군,1,127.788830555555,36.8124305555555
66625,2015,10,23,야,일,인천시,부평구,차량단독,5~9,안전운전 의무 불이행,남,34,1,0,안전모,미착용,특별광역시도,교차로,교차로부근,직선,직선,평지,교차로,교차로 - 삼지,포장,건조,맑음,N,인천시부평구,1,126.721906848531,37.5078420372559
66627,2015,10,1,야,월,경상북도,상주시,차량단독,1~4,안전운전 의무 불이행,남,30,1,0,안전모,미착용,일반국도,단일로,기타단일로,직선,직선,평지,교차로아님,교차로아님,포장,건조,맑음,N,경상북도상주시,1,128.161263888888,36.4079694444444
66743,2015,10,1,야,수,경기도,의정부시,차량단독,15~,안전운전 의무 불이행,남,40,1,0.10%~0.14%,안전모,미착용,시도,단일로,기타단일로,커브ㆍ곡각 ,우,평지  ,교차로아님,교차로아님,포장,건조,맑음,N,경기도의정부시,1,127.035841666666,37.7352888888888
66746,2015,10,3,야,수,경기도,파주시,차량단독,15~,안전운전 의무 불이행,남,40,1,0,안전모,미착용,시도,단일로,기타단일로,커브ㆍ곡각 ,우,평지  ,교차로아님,교차로아님,포장,건조,맑음,N,경기도파주시,1,126.781952777777,37.7570833333333
66755,2015,10,9,주,수,경상남도,하동군,차량단독,미상,안전운전 의무 불이행,남,73,1,0,안전모,착용,군도,단일로,기타단일로,직선,직선,평지,교차로아님,교차로아님,포장,건조,맑음,N,경상남도하동군,1,127.753430555555,35.0642027777777
66758,2015,10,10,주,수,강원도,원주시,차대차,15~,안전거리 미확보,남,76,1,0,안전모,미착용,시도,단일로,기타단일로,직선,직선,평지,교차로아님,교차로아님,포장,건조,맑음,N,강원도원주시,1,127.922055555555,37.3390833333333
66759,2015,10,10,주,수,충청남도,보령시,차대차,15~,,남,77,1,0,안전모,미착용,일반국도,단일로,기타단일로,직선,직선,내리막,교차로아님,교차로아님,포장,건조,맑음,N,충청남도보령시,1,126.614886111111,36.330575
66863,2015,10,20,야,목,서울시,동대문구,차대차,1~4,안전운전 의무 불이행,남,36,1,0,안전모,착용,특별광역시도,단일로,기타단일로,직선,직선,평지,교차로아님,교차로아님,포장,건조,맑음,N,서울시동대문구,1,127.042141666666,37.571625
66949,2015,10,5,야,토,서울시,강서구,차량단독,1~4,안전운전 의무 불이행,남,17,1,0,안전모,착용,특별광역시도,단일로,기타단일로,직선,직선,평지,교차로아님,교차로아님,포장,젖음/습기,비,N,서울시강서구,1,126.851675,37.5481555555555
66989,2015,10,18,야,토,경상북도,군위군,차대차,1~4,안전운전 의무 불이행,남,52,1,0.20%~0.24%,안전모,착용,일반국도,단일로,기타단일로,직선,직선,평지,교차로아님,교차로아님,포장,건조,맑음,N,경상북도군위군,1,128.575077777777,36.2399972222222
67041,2015,10,16,주,일,경상남도,함양군,차량단독,10~14,안전운전 의무 불이행,남,44,1,0,안전모,착용,일반국도,단일로,기타단일로,직선,직선,평지,교차로아님,교차로아님,포장,건조,맑음,N,경상남도함양군,1,127.727419444444,35.5174694444444
67078,2015,10,6,주,월,경상북도,포항시,차량단독,1~4,안전운전 의무 불이행,남,55,1,0,안전모,착용,시도,단일로,기타단일로,커브ㆍ곡각 ,우,내리막,교차로아님,교차로아님,포장,건조,맑음,N,경상북도포항시,1,129.361666666666,36.0056861111111
67111,2015,10,18,야,월,충청남도,서산시,차대차,15~,중앙선 침범,남,78,1,0.15%~0.19%,,,지방도,단일로,기타단일로,직선,직선,평지,교차로아님,교차로아님,포장,건조,맑음,N,충청남도서산시,1,126.452163888888,36.7820972222222
67124,2015,10,21,야,월,경기도,부천시,차대차,15~,신호위반,남,39,1,0,안전모,착용,시도,교차로,교차로내,직선,직선,평지,교차로,교차로 - 삼지,포장,젖음/습기,비,N,경기도부천시,1,126.766,37.5035917
67475,2015,11,7,주,일,전라남도,함평군,차량단독,1~4,안전운전 의무 불이행,남,22,1,0,안전모,,일반국도,단일로,기타단일로,커브ㆍ곡각 ,우,내리막,교차로아님,교차로아님,포장,건조,맑음,N,전라남도함평군,1,126.518619444444,35.0627444444444
67584,2015,11,11,주,화,충청남도,부여군,차대차,15~,안전운전 의무 불이행,남,78,1,0,안전모,착용,이면도로,단일로,기타단일로,직선,직선,평지,교차로아님,교차로아님,포장,건조,맑음,N,충청남도부여군,1,126.911863888888,36.2728222222222
67587,2015,11,13,주,화,충청북도,제천시,차량단독,15~,안전운전 의무 불이행,남,73,1,0,안전모,착용,시도,단일로,기타단일로,직선,직선,평지,교차로아님,교차로아님,포장,건조,맑음,N,충청북도제천시,1,128.193152777777,37.1297694444444
67630,2015,11,8,주,수,경상북도,영양군,차대차,15~,교차로 통행방법 위반,남,73,1,0,안전모,착용,지방도,교차로,교차로내,직선,직선,오르막,교차로,교차로 - 삼지,포장,건조,맑음,N,경상북도영양군,1,129.114622222222,36.6642749999999
67690,2015,11,14,주,목,전라북도,군산시,차대차,미상,안전운전 의무 불이행,남,79,1,0,안전모,,시도,교차로,교차로내,직선,직선,평지,교차로,교차로 - 삼지,포장,건조,맑음,N,전라북도군산시,1,126.738844444444,35.9646416666666
67732,2015,11,4,야,금,대전시,서구,차량단독,15~,안전운전 의무 불이행,남,23,1,0.10%~0.14%,안전모,미착용,특별광역시도,교차로,교차로내,직선,직선,평지,교차로,교차로 - 사지,포장,건조,맑음,N,대전시서구,1,127.383415811453,36.3570729893642
67933,2015,11,11,주,월,서울시,마포구,차대차,15~,신호위반,남,58,1,0,안전모,미착용,특별광역시도,교차로,교차로내,,,,교차로,교차로 - 삼지,포장,건조,흐림,N,서울시마포구,1,126.910530555555,37.5607055555555
67973,2015,11,1,야,화,경기도,구리시,차량단독,1~4,안전운전 의무 불이행,남,24,1,0,안전모,착용,일반국도,단일로,기타단일로,직선,직선,내리막,교차로아님,교차로아님,포장,건조,흐림,N,경기도구리시,1,127.131863888888,37.591625
68014,2015,11,20,야,화,전라남도,순천시,차대차,15~,안전운전 의무 불이행,남,34,1,0,안전모,착용,시도,단일로,기타단일로,직선,직선,평지,교차로아님,교차로아님,포장,건조,맑음,N,전라남도순천시,1,127.489330555555,34.9476055555555
68212,2015,11,15,주,토,경상북도,구미시,차대차,10~14,신호위반,남,36,1,0,안전모,착용,시도,교차로,교차로내,직선,직선,평지,교차로,교차로 - 사지,포장,건조,맑음,N,경상북도구미시,1,128.346777777777,36.11655
68221,2015,11,17,주,토,경상북도,상주시,차량단독,15~,안전운전 의무 불이행,남,47,1,0,안전모,착용,일반국도,단일로,기타단일로,직선,직선,평지,교차로아님,교차로아님,포장,건조,맑음,N,경상북도상주시,1,128.161263888888,36.4079694444444
68297,2015,11,7,주,월,울산시,북구,차량단독,5~9,안전운전 의무 불이행,남,36,1,0.20%~0.24%,안전모,착용,특별광역시도,단일로,기타단일로,직선,직선,평지,교차로아님,교차로아님,포장,건조,맑음,N,울산시북구,1,129.361244971292,35.5827078312412
68529,2015,11,21,야,금,경기도,수원시,차대차,1~4,신호위반,남,17,1,0,안전모,미착용,시도,교차로,교차로내,직선,직선,평지,교차로,교차로 - 사지,포장,건조,맑음,N,경기도수원시,1,127.012222222222,37.3010111111111
68628,2015,11,22,야,일,부산시,강서구,차량단독,미상,안전거리 미확보,남,29,1,0,안전모,,특별광역시도,단일로,기타단일로,커브ㆍ곡각 ,좌,내리막,교차로아님,교차로아님,포장,건조,맑음,N,부산시강서구,1,128.982908333333,35.2091638888888
68645,2015,11,9,주,월,광주시,동구,차대차,15~,중앙선 침범,남,73,1,0,안전모,착용,특별광역시도,교차로,교차로부근,직선,직선,평지,교차로,교차로 - 오지이상,포장,건조,흐림,N,광주시동구,1,126.923090311574,35.1462777551683
68907,2015,11,17,주,일,경기도,양주시,차대차,15~,안전운전 의무 불이행,남,44,1,0,안전모,착용,시도,단일로,기타단일로,직선,직선,평지,교차로아님,교차로아님,포장,젖음/습기,비,N,경기도양주시,1,127.047819444444,37.78245
68915,2015,11,19,야,일,경기도,화성시,차량단독,미상,안전운전 의무 불이행,남,47,1,0,,,일반국도,단일로,기타단일로,커브ㆍ곡각 ,우,평지  ,교차로아님,교차로아님,포장,젖음/습기,비,N,경기도화성시,1,126.833530555555,37.1968166666666
68992,2015,12,17,주,화,강원도,삼척시,차량단독,미상,안전운전 의무 불이행,남,53,1,0,안전모,착용,시도,단일로,기타단일로,직선,직선,평지,교차로아님,교차로아님,포장,건조,맑음,N,강원도삼척시,1,129.167488888888,37.4470861111111
69310,2015,12,15,주,화,충청남도,금산군,차대차,1~4,,남,61,1,0,안전모,착용,일반국도,교차로,교차로내,직선,직선,평지,교차로,교차로 - 사지,포장,건조,맑음,N,충청남도금산군,1,127.490308333333,36.1058694444444
69379,2015,12,19,야,수,경상북도,김천시,차대차,미상,안전운전 의무 불이행,남,64,1,0,안전모,착용,일반국도,단일로,기타단일로,직선,직선,평지,교차로아님,교차로아님,포장,건조,맑음,N,경상북도김천시,1,128.1158,36.1368972222222
69492,2015,12,8,주,토,서울시,강동구,차대차,1~4,안전거리 미확보,남,41,1,0,안전모,착용,특별광역시도,단일로,기타단일로,직선,직선,평지,교차로아님,교차로아님,포장,건조,맑음,N,서울시강동구,1,127.125863888888,37.5273666666666
69523,2015,12,18,야,토,서울시,서대문구,차대차,15~,중앙선 침범,남,52,1,0,안전모,착용,특별광역시도,단일로,기타단일로,직선,직선,평지,교차로아님,교차로아님,포장,건조,맑음,N,서울시서대문구,1,126.938897222222,37.5763666666666
69576,2015,12,20,야,일,인천시,부평구,차대차,15~,신호위반,남,50,1,0,안전모,착용,특별광역시도,교차로,교차로내,직선,직선,평지,교차로,교차로 - 사지,포장,건조,맑음,N,인천시부평구,1,126.721906848531,37.5078420372559
69583,2015,12,1,야,월,서울시,강남구,차대차,5~9,안전운전 의무 불이행,남,26,1,0,안전모,미착용,특별광역시도,교차로,교차로내,직선,직선,평지,교차로,교차로 - 사지,포장,건조,맑음,N,서울시강남구,1,127.049555555555,37.514575
69629,2015,12,0,야,화,전라남도,영암군,차량단독,5~9,안전운전 의무 불이행,남,24,1,0,안전모,착용,일반국도,단일로,기타단일로,커브ㆍ곡각 ,좌,평지  ,교차로아님,교차로아님,포장,젖음/습기,비,N,전라남도영암군,1,126.698619444444,34.7969888888888
69631,2015,12,4,야,화,서울시,서초구,차대차,1~4,안전운전 의무 불이행,남,18,1,0,안전모,미착용,특별광역시도,단일로,기타단일로,직선,직선,평지,교차로아님,교차로아님,포장,젖음/습기,흐림,N,서울시서초구,1,127.034811111111,37.4807861111111
69700,2015,12,6,주,목,경기도,남양주시,차대차,15~,안전운전 의무 불이행,남,42,1,0.15%~0.19%,안전모,,지방도,단일로,기타단일로,직선,직선,평지,교차로아님,교차로아님,포장,건조,맑음,N,경기도남양주시,1,127.218633333333,37.6331777777777
69701,2015,12,6,주,목,경기도,광명시,차대차,5~9,안전운전 의무 불이행,남,23,1,0,안전모,착용,시도,단일로,기타단일로,직선,직선,평지,교차로아님,교차로아님,포장,건조,맑음,N,경기도광명시,1,126.866708333333,37.47575
69703,2015,12,6,주,목,인천시,남동구,차대차,5~9,중앙선 침범,남,21,1,0,안전모,미착용,특별광역시도,단일로,기타단일로,직선,직선,평지,교차로아님,교차로아님,포장,건조,맑음,N,인천시남동구,1,126.730966889481,37.4497106167382
69741,2015,12,22,야,목,울산시,동구,차량단독,5~9,안전운전 의무 불이행,남,25,1,0,안전모,착용,특별광역시도,단일로,기타단일로,직선,직선,오르막,교차로아님,교차로아님,포장,건조,맑음,N,울산시동구,1,129.416691882745,35.5051699632486
69753,2015,12,10,주,금,전라남도,신안군,차량단독,15~,안전운전 의무 불이행,남,74,1,0,안전모,미착용,군도,단일로,기타단일로,커브ㆍ곡각 ,우,평지  ,교차로아님,교차로아님,포장,건조,맑음,N,전라남도신안군,1,126.381730555555,34.7898111111111
69765,2015,12,14,주,금,전라북도,임실군,차량단독,1~4,안전운전 의무 불이행,남,77,1,0,안전모,착용,일반국도,단일로,기타단일로,커브ㆍ곡각 ,좌,평지  ,교차로아님,교차로아님,포장,건조,맑음,N,전라북도임실군,1,127.284752777777,35.6080638888888
69900,2015,12,12,주,월,대구시,달서구,차대차,15~,신호위반,남,78,1,0,안전모,착용,특별광역시도,교차로,교차로내,직선,직선,평지,교차로,교차로 - 오지이상,포장,건조,맑음,N,대구시달서구,1,128.532590453916,35.8299774381395
69929,2015,12,23,야,월,경상북도,경주시,차량단독,10~14,안전운전 의무 불이행,남,29,1,0,안전모,미착용,시도,단일로,기타단일로,커브ㆍ곡각 ,좌,평지  ,교차로아님,교차로아님,포장,건조,맑음,N,경상북도경주시,1,129.227022222222,35.8531694444444
69941,2015,12,10,주,화,경상남도,거제시,차대차,1~4,안전운전 의무 불이행,남,22,1,0,안전모,미착용,일반국도,단일로,기타단일로,직선,직선,평지,교차로아님,교차로아님,포장,건조,맑음,N,경상남도거제시,1,128.623355555555,34.8773583333333
69960,2015,12,21,야,화,서울시,종로구,차량단독,1~4,안전운전 의무 불이행,남,18,1,0,안전모,착용,특별광역시도,단일로,기타단일로,직선,직선,오르막,교차로아님,교차로아님,포장,건조,맑음,N,서울시종로구,1,126.981641666666,37.5703777777777
69979,2015,12,8,주,수,경기도,안산시,차대차,1~4,신호위반,남,29,1,0,안전모,착용,시도,교차로,교차로부근,직선,직선,평지,교차로,교차로 - 사지,포장,젖음/습기,흐림,N,경기도안산시,1,126.846819444444,37.2985194444444
70036,2015,12,11,주,목,경상남도,남해군,차량단독,10~14,안전운전 의무 불이행,남,77,1,0,안전모,미착용,지방도,단일로,기타단일로,커브ㆍ곡각 ,우,오르막,교차로아님,교차로아님,포장,건조,맑음,N,경상남도남해군,1,127.894466666666,34.8345583333333
70038,2015,12,13,주,목,서울시,용산구,차량단독,미상,안전운전 의무 불이행,남,22,1,0,안전모,착용,특별광역시도,단일로,지하차도(도로)내,커브ㆍ곡각 ,우,평지  ,교차로아님,교차로아님,포장,건조,맑음,N,서울시용산구,1,126.967522222222,37.5360944444444