,년,월,시간,주야,요일,시도,시군구,사고유형_대분류,면허경과년수,가해자법규위반,성별,연령,사망여부,가해자음주농도,보호장구,안전모_착용여부,도로종류,도로형태_대분류,도로형태,도로선형_대분류,도로선형_중분류,도로선형,교차로형태_대분류,교차로형태,노면상태_대분류,노면상태,기상상태,어린이보호구역여부,시도군구,exists,long,lat
70052,2015,12,17,주,목,전라남도,담양군,차대차,15~,안전운전 의무 불이행,남,58,1,0.10%~0.14%,안전모,착용,군도,단일로,기타단일로,직선,직선,평지,교차로아님,교차로아님,포장,건조,맑음,N,전라남도담양군,1,126.990163888888,35.318125
70249,2015,12,3,야,화,대구시,달서구,차량단독,1~4,안전운전 의무 불이행,남,26,1,0.15%~0.19%,안전모,착용,특별광역시도,단일로,기타단일로,직선,직선,평지,교차로아님,교차로아님,포장,건조,맑음,N,대구시달서구,1,128.532590453916,35.8299774381395
70289,2015,12,22,야,화,전라북도,전주시,차대차,15~,신호위반,남,64,1,0,안전모,,시도,교차로,교차로내,직선,직선,평지,교차로,교차로 - 사지,포장,건조,맑음,N,전라북도전주시,1,127.121919444444,35.8091888888888
70399,2016,1,3,야,금,경상북도,안동시,차량단독,10~14,안전운전 의무 불이행,남,51,1,0,안전모,미착용,시도,교차로,교차로부근,직선,직선,평지,교차로,교차로 - 사지,포장,건조,맑음,N,경상북도안동시,1,128.731622222222,36.5654638888888
70405,2016,1,14,주,금,전라남도,해남군,차대차,미상,중앙선 침범,남,74,1,0,,,군도,단일로,기타단일로,직선,직선,평지,교차로아님,교차로아님,포장,건조,맑음,N,전라남도해남군,1,126.601288888888,34.5704361111111
70428,2016,1,10,주,토,전라남도,광양시,차량단독,15~,안전운전 의무 불이행,남,84,1,0,안전모,착용,지방도,교차로,교차로부근,커브ㆍ곡각 ,좌,내리막,교차로,교차로 - 삼지,포장,젖음/습기,맑음,N,전라남도광양시,1,127.698177777777,34.9375361111111
70430,2016,1,11,주,토,서울시,강서구,차대차,15~,신호위반,남,78,1,0,,,특별광역시도,교차로,교차로내,직선,직선,평지,교차로,교차로 - 사지,포장,건조,맑음,N,서울시강서구,1,126.851675,37.5481555555555
70469,2016,1,15,주,일,충청남도,금산군,차량단독,미상,안전운전 의무 불이행,남,62,1,0,,,군도,단일로,기타단일로,커브ㆍ곡각 ,우,평지  ,교차로아님,교차로아님,포장,건조,맑음,N,충청남도금산군,1,127.490308333333,36.1058694444444
70474,2016,1,17,주,일,충청남도,금산군,차대차,5~9,안전운전 의무 불이행,남,65,1,0,안전모,,일반국도,단일로,기타단일로,직선,직선,평지,교차로아님,교차로아님,포장,건조,맑음,N,충청남도금산군,1,127.490308333333,36.1058694444444
70510,2016,1,15,주,월,광주시,서구,차대차,5~9,안전거리 미확보,남,61,1,0,안전모,착용,특별광역시도,단일로,기타단일로,직선,직선,평지,교차로아님,교차로아님,포장,건조,맑음,N,광주시서구,1,126.88950628089,35.1525164004977
70591,2016,1,15,주,수,광주시,서구,차량단독,10~14,안전운전 의무 불이행,남,57,1,0,안전모,착용,특별광역시도,단일로,기타단일로,직선,직선,평지,교차로아님,교차로아님,포장,건조,맑음,N,광주시서구,1,126.88950628089,35.1525164004977
70616,2016,1,4,야,목,경기도,안산시,차량단독,1~4,안전운전 의무 불이행,남,18,1,0,안전모,,시도,단일로,기타단일로,직선,직선,평지,교차로아님,교차로아님,포장,젖음/습기,흐림,N,경기도안산시,1,126.846819444444,37.2985194444444
70617,2016,1,4,야,목,대구시,수성구,차대차,1~4,안전운전 의무 불이행,남,18,1,0,안전모,미착용,이면도로,단일로,기타단일로,직선,직선,평지,교차로아님,교차로아님,포장,건조,맑음,N,대구시수성구,1,128.632866666666,35.8552083333333
70650,2016,1,0,야,금,서울시,마포구,차량단독,1~4,안전운전 의무 불이행,남,18,1,0.10%~0.14%,안전모,착용,특별광역시도,단일로,기타단일로,직선,직선,평지,교차로아님,교차로아님,포장,건조,맑음,N,서울시마포구,1,126.910530555555,37.5607055555555
70695,2016,1,0,야,토,대구시,달성군,차량단독,15~,안전운전 의무 불이행,남,45,1,0.20%~0.24%,안전모,,특별광역시도,단일로,기타단일로,직선,직선,평지,교차로아님,교차로아님,포장,건조,맑음,N,대구시달성군,1,128.431399499941,35.7747502893017
70754,2016,1,14,주,일,충청남도,부여군,차량단독,15~,안전운전 의무 불이행,남,63,1,0,안전모,,지방도,단일로,기타단일로,커브ㆍ곡각 ,우,평지  ,교차로아님,교차로아님,포장,건조,맑음,N,충청남도부여군,1,126.911863888888,36.2728222222222
70862,2016,1,14,주,수,충청남도,예산군,차대차,미상,교차로 통행방법 위반,남,82,1,0,안전모,미착용,이면도로,교차로,교차로내,직선,직선,평지,교차로,교차로 - 사지,포장,젖음/습기,눈,N,충청남도예산군,1,126.850874999999,36.6798055555555
70930,2016,1,10,주,금,전라남도,영암군,차량단독,15~,안전운전 의무 불이행,남,78,1,0,안전모,착용,일반국도,단일로,기타단일로,커브ㆍ곡각 ,좌,평지  ,교차로아님,교차로아님,포장,건조,맑음,N,전라남도영암군,1,126.698619444444,34.7969888888888
70937,2016,1,13,주,금,부산시,금정구,차대차,15~,교차로 통행방법 위반,남,66,1,0,안전모,착용,특별광역시도,교차로,교차로내,직선,직선,평지,교차로,교차로 - 사지,포장,건조,맑음,N,부산시금정구,1,129.094319444444,35.2400777777777
70990,2016,1,16,주,토,강원도,원주시,차량단독,미상,안전운전 의무 불이행,남,76,1,0,안전모,,시도,단일로,기타단일로,직선,직선,평지,교차로아님,교차로아님,포장,건조,맑음,N,강원도원주시,1,127.922055555555,37.3390833333333
70992,2016,1,17,주,토,전라북도,익산시,차대차,10~14,중앙선 침범,남,78,1,0,안전모,착용,일반국도,교차로,교차로부근,커브ㆍ곡각 ,좌,평지  ,교차로,교차로 - 삼지,포장,건조,맑음,N,전라북도익산시,1,126.959852777777,35.9452749999999
70994,2016,1,18,야,토,서울시,동대문구,차대차,15~,안전운전 의무 불이행,남,47,1,0.15%~0.19%,안전모,착용,특별광역시도,단일로,기타단일로,직선,직선,평지,교차로아님,교차로아님,포장,건조,맑음,N,서울시동대문구,1,127.042141666666,37.571625
71188,2016,1,1,야,금,경상북도,칠곡군,차량단독,1~4,안전운전 의무 불이행,남,28,1,0,안전모,착용,지방도,단일로,기타단일로,커브ㆍ곡각 ,우,평지  ,교차로아님,교차로아님,포장,건조,맑음,N,경상북도칠곡군,1,128.403797222222,35.9925472222222
71341,2016,1,2,야,화,경기도,군포시,차대차,1~4,안전운전 의무 불이행,남,23,1,0,안전모,미착용,시도,교차로,교차로부근,직선,직선,평지,교차로,교차로 - 사지,포장,젖음/습기,흐림,N,경기도군포시,1,126.9375,37.3586583333333
71384,2016,1,15,주,수,경기도,안산시,차대차,10~14,신호위반,남,30,1,0,안전모,착용,시도,교차로,교차로내,직선,직선,평지,교차로,교차로 - 사지,포장,건조,맑음,N,경기도안산시,1,126.846819444444,37.2985194444444
71395,2016,1,18,야,수,경상북도,구미시,차대차,15~,안전운전 의무 불이행,남,74,1,0.20%~0.24%,안전모,,시도,교차로,교차로부근,직선,직선,평지,교차로,교차로 - 사지,포장,건조,맑음,N,경상북도구미시,1,128.346777777777,36.11655
71420,2016,1,10,주,목,경상남도,고성군,차량단독,미상,안전운전 의무 불이행,여,82,1,0,안전모,미착용,지방도,교차로,교차로내,직선,직선,평지,교차로,교차로 - 삼지,포장,젖음/습기,비,N,경상남도고성군,1,128.324541666666,34.9699
71486,2016,1,19,야,금,충청남도,천안시,차대차,15~,중앙선 침범,남,73,1,0.15%~0.19%,안전모,착용,일반국도,단일로,기타단일로,직선,직선,평지,교차로아님,교차로아님,포장,건조,맑음,N,충청남도천안시,1,127.152466666666,36.804125
71507,2016,1,8,주,토,강원도,원주시,차량단독,15~,안전운전 의무 불이행,남,51,1,0,안전모,,시도,교차로,교차로부근,커브ㆍ곡각 ,우,평지  ,교차로,교차로 - 사지,포장,젖음/습기,맑음,N,강원도원주시,1,127.922055555555,37.3390833333333
71646,2016,2,7,주,수,경상남도,창원시,차대차,미상,신호위반,남,39,1,0,안전모,착용,시도,교차로,교차로부근,직선,직선,평지,교차로,교차로 - 사지,포장,건조,맑음,N,경상남도창원시,1,128.6401544,35.2540033
71771,2016,2,5,야,토,서울시,관악구,차대차,1~4,중앙선 침범,남,28,1,0,,,특별광역시도,교차로,교차로부근,직선,직선,평지,교차로,교차로 - 사지,포장,건조,기타,N,서울시관악구,1,126.953844444444,37.4753861111111
71845,2016,2,11,주,화,경기도,양평군,차량단독,15~,안전운전 의무 불이행,남,81,1,0,안전모,착용,지방도,단일로,기타단일로,직선,직선,평지,교차로아님,교차로아님,포장,젖음/습기,맑음,N,경기도양평군,1,127.489886111111,37.4889361111111
71852,2016,2,19,야,화,경기도,안산시,차대차,15~,안전운전 의무 불이행,남,59,1,0,안전모,착용,시도,교차로,교차로부근,직선,직선,평지,교차로,교차로 - 사지,포장,건조,맑음,N,경기도안산시,1,126.846819444444,37.2985194444444
72018,2016,2,19,야,일,경상남도,창원시,차량단독,5~9,안전운전 의무 불이행,남,26,1,0,안전모,착용,시도,단일로,기타단일로,직선,직선,평지,교차로아님,교차로아님,포장,건조,맑음,N,경상남도창원시,1,128.6401544,35.2540033
72040,2016,2,12,주,월,경기도,평택시,차대차,1~4,신호위반,남,34,1,0,안전모,미착용,시도,교차로,교차로내,직선,직선,평지,교차로,교차로 - 사지,포장,건조,맑음,N,경기도평택시,1,127.114655555555,36.9894388888888
72042,2016,2,12,주,월,경상북도,포항시,차대차,15~,안전운전 의무 불이행,남,73,1,0,안전모,착용,시도,교차로,교차로내,직선,직선,평지,교차로,교차로 - 사지,포장,건조,맑음,N,경상북도포항시,1,129.361666666666,36.0056861111111
72119,2016,2,8,주,수,경상북도,의성군,차대차,15~,신호위반,여,59,1,0,,,일반국도,교차로,교차로내,직선,직선,평지,교차로,교차로 - 사지,포장,건조,맑음,N,경상북도의성군,1,128.699363888888,36.3497583333333
72219,2016,2,6,주,금,전라남도,순천시,차대차,미상,신호위반,남,66,1,0,안전모,착용,시도,교차로,교차로내,직선,직선,평지,교차로,교차로 - 사지,포장,건조,맑음,N,전라남도순천시,1,127.489330555555,34.9476055555555
72377,2016,2,22,야,월,대전시,대덕구,차대차,15~,안전운전 의무 불이행,남,68,1,0,안전모,착용,특별광역시도,교차로,교차로부근,직선,직선,내리막,교차로,교차로 - 사지,포장,건조,맑음,N,대전시대덕구,1,127.417093340521,36.352183835655
72432,2016,2,9,주,수,경상남도,함안군,차대차,15~,안전운전 의무 불이행,남,84,1,0,안전모,,지방도,교차로,교차로부근,직선,직선,평지,교차로,교차로 - 삼지,포장,건조,맑음,N,경상남도함안군,1,128.408708333333,35.2694055555555
72475,2016,2,4,야,목,경상남도,김해시,차량단독,1~4,안전운전 의무 불이행,남,18,1,0.15%~0.19%,안전모,미착용,시도,단일로,기타단일로,직선,직선,내리막,교차로아님,교차로아님,포장,건조,맑음,N,경상남도김해시,1,128.891666666666,35.2255055555555
72628,2016,2,17,주,일,경상북도,경산시,차대차,15~,신호위반,남,69,1,0,,,군도,교차로,교차로내,직선,직선,평지,교차로,교차로 - 사지,포장,건조,맑음,N,경상북도경산시,1,128.743463888888,35.8220888888888
72687,2016,3,9,주,화,경상남도,남해군,차량단독,10~14,안전운전 의무 불이행,남,51,1,0,안전모,착용,지방도,단일로,기타단일로,커브ㆍ곡각 ,좌,내리막,교차로아님,교차로아님,포장,건조,맑음,N,경상남도남해군,1,127.894466666666,34.8345583333333
72725,2016,3,8,주,수,경기도,과천시,차대차,15~,안전거리 미확보,남,52,1,0,안전모,착용,시도,단일로,기타단일로,직선,직선,오르막,교차로아님,교차로아님,포장,건조,맑음,N,경기도과천시,1,126.9898,37.4263722222222
72780,2016,3,14,주,목,경상북도,청도군,차량단독,10~14,안전운전 의무 불이행,남,80,1,0,안전모,미착용,지방도,단일로,기타단일로,직선,직선,평지,교차로아님,교차로아님,포장,건조,맑음,N,경상북도청도군,1,128.7362,35.6443111111111
72868,2016,3,11,주,토,전라북도,부안군,차대차,15~,안전운전 의무 불이행,남,83,1,0,안전모,착용,일반국도,단일로,기타단일로,직선,직선,평지,교차로아님,교차로아님,포장,젖음/습기,흐림,N,전라북도부안군,1,126.735677777777,35.7285333333333
72986,2016,3,10,주,화,전라북도,부안군,차량단독,미상,안전운전 의무 불이행,남,76,1,0,안전모,미착용,지방도,단일로,기타단일로,직선,직선,평지,교차로아님,교차로아님,포장,건조,흐림,N,전라북도부안군,1,126.735677777777,35.7285333333333
73039,2016,3,10,주,수,충청북도,진천군,차대차,15~,안전운전 의무 불이행,남,85,1,0,안전모,착용,이면도로,교차로,교차로부근,직선,직선,평지,교차로,교차로 - 삼지,포장,건조,맑음,N,충청북도진천군,1,127.437644444444,36.8525388888888
73185,2016,3,20,야,토,전라남도,영암군,차대차,15~,중앙선 침범,남,55,1,0,안전모,착용,일반국도,단일로,기타단일로,커브ㆍ곡각 ,좌,오르막,교차로아님,교차로아님,포장,건조,맑음,N,전라남도영암군,1,126.698619444444,34.7969888888888
73200,2016,3,3,야,일,서울시,중구,차대차,1~4,신호위반,남,28,1,0,안전모,착용,특별광역시도,교차로,교차로내,직선,직선,평지,교차로,교차로 - 사지,포장,건조,흐림,N,서울시중구,1,126.999641666666,37.5610027777777
73343,2016,3,12,주,수,충청남도,홍성군,차대차,미상,교차로 통행방법 위반,남,75,1,0,안전모,,군도,교차로,교차로부근,커브ㆍ곡각 ,우,평지  ,교차로,교차로 - 사지,포장,건조,맑음,N,충청남도홍성군,1,126.662908333333,36.5983611111111
73362,2016,3,17,주,수,전라남도,곡성군,차량단독,미상,안전운전 의무 불이행,여,66,1,0,안전모,착용,일반국도,단일로,기타단일로,직선,직선,평지,교차로아님,교차로아님,포장,건조,맑음,N,전라남도곡성군,1,127.294108333333,35.2789555555555
73413,2016,3,17,주,목,전라남도,화순군,차대차,15~,교차로 통행방법 위반,남,78,1,0,,,지방도,교차로,교차로내,직선,직선,평지,교차로,교차로 - 삼지,포장,건조,맑음,N,전라남도화순군,1,126.988566666666,35.0614805555555
73435,2016,3,22,야,목,대구시,동구,차량단독,1~4,안전운전 의무 불이행,남,30,1,0.20%~0.24%,안전모,착용,특별광역시도,단일로,기타단일로,커브ㆍ곡각 ,좌,내리막,교차로아님,교차로아님,포장,건조,맑음,N,대구시동구,1,128.635558440423,35.8868272789712
73574,2016,3,3,야,월,인천시,연수구,차대차,1~4,신호위반,남,17,1,0,,,특별광역시도,교차로,교차로내,커브ㆍ곡각 ,좌,평지  ,교차로,교차로 - 삼지,포장,건조,맑음,N,인천시연수구,1,126.678265782781,37.4103812512024
73641,2016,3,15,주,화,경기도,화성시,차량단독,5~9,안전운전 의무 불이행,남,22,1,0,안전모,착용,일반국도,단일로,기타단일로,직선,직선,내리막,교차로아님,교차로아님,포장,건조,맑음,N,경기도화성시,1,126.833530555555,37.1968166666666
73713,2016,3,3,야,목,경상남도,창원시,차대차,1~4,안전운전 의무 불이행,남,19,1,0,안전모,,시도,단일로,기타단일로,직선,직선,평지,교차로아님,교차로아님,포장,젖음/습기,비,N,경상남도창원시,1,128.6401544,35.2540033
73721,2016,3,9,주,목,전라남도,목포시,차대차,미상,중앙선 침범,남,89,1,0,안전모,착용,지방도,단일로,기타단일로,직선,직선,평지,교차로아님,교차로아님,포장,건조,맑음,N,전라남도목포시,1,126.394419444444,34.8087888888888
73731,2016,3,15,주,목,충청남도,홍성군,차대차,15~,중앙선 침범,남,81,1,0.05%~0.09%,안전모,착용,군도,단일로,기타단일로,직선,직선,평지,교차로아님,교차로아님,포장,건조,맑음,N,충청남도홍성군,1,126.662908333333,36.5983611111111
73764,2016,3,5,야,금,경기도,안산시,차량단독,1~4,안전운전 의무 불이행,남,19,1,0,안전모,미착용,시도,단일로,기타단일로,직선,직선,평지,교차로아님,교차로아님,포장,건조,맑음,N,경기도안산시,1,126.846819444444,37.2985194444444
73774,2016,3,10,주,금,충청남도,공주시,차량단독,15~,안전운전 의무 불이행,남,78,1,0,안전모,미착용,이면도로,,,직선,직선,평지,교차로아님,교차로아님,포장,건조,맑음,N,충청남도공주시,1,127.121119444444,36.4436138888888
73817,2016,3,22,야,금,대전시,유성구,차대차,1~4,신호위반,남,18,1,0,안전모,미착용,특별광역시도,교차로,교차로내,직선,직선,평지,교차로,교차로 - 사지,포장,건조,맑음,N,대전시유성구,1,127.356136301599,36.3640558639158
73900,2016,3,13,주,일,강원도,춘천시,차량단독,1~4,안전운전 의무 불이행,남,34,1,0,안전모,착용,시도,단일로,기타단일로,커브ㆍ곡각 ,좌,평지  ,교차로아님,교차로아님,포장,건조,맑음,N,강원도춘천시,1,127.732311111111,37.8785416666666
73955,2016,3,15,주,월,충청남도,청양군,차대차,15~,,남,78,1,0,안전모,미착용,지방도,교차로,교차로내,직선,직선,평지,교차로,교차로 - 사지,포장,건조,맑음,N,충청남도청양군,1,126.804255555555,36.4562694444444
73960,2016,3,16,주,월,대구시,수성구,차량단독,미상,안전운전 의무 불이행,남,16,1,0,안전모,미착용,특별광역시도,단일로,기타단일로,직선,직선,내리막,교차로아님,교차로아님,포장,건조,맑음,N,대구시수성구,1,128.632866666666,35.8552083333333
73987,2016,3,6,주,화,서울시,강남구,차대차,1~4,신호위반,남,55,1,0.05%~0.09%,안전모,착용,특별광역시도,교차로,교차로내,직선,직선,평지,교차로,교차로 - 사지,포장,건조,맑음,N,서울시강남구,1,127.049555555555,37.514575
74027,2016,3,3,야,수,경기도,광명시,차량단독,1~4,안전운전 의무 불이행,남,17,1,0,안전모,,시도,단일로,기타단일로,직선,직선,평지,교차로아님,교차로아님,포장,건조,맑음,N,경기도광명시,1,126.866708333333,37.47575
74037,2016,3,10,주,수,경상북도,구미시,차량단독,15~,안전운전 의무 불이행,남,72,1,0,안전모,착용,시도,단일로,기타단일로,커브ㆍ곡각 ,우,오르막,교차로아님,교차로아님,포장,건조,맑음,N,경상북도구미시,1,128.346777777777,36.11655
74124,2016,3,19,야,목,인천시,강화군,차량단독,미상,안전운전 의무 불이행,남,75,1,0.15%~0.19%,,,특별광역시도,단일로,기타단일로,직선,직선,평지,교차로아님,교차로아님,포장,건조,맑음,N,인천시강화군,1,126.487841711623,37.7469290696865
74126,2016,3,21,야,목,서울시,동작구,차대차,15~,중앙선 침범,남,67,1,0,안전모,미착용,특별광역시도,단일로,기타단일로,커브ㆍ곡각 ,우,평지  ,교차로아님,교차로아님,포장,건조,맑음,N,서울시동작구,1,126.941575,37.5096555555555
74230,2016,4,15,주,토,충청남도,아산시,차량단독,10~14,안전운전 의무 불이행,남,45,1,0.05%~0.09%,안전모,착용,지방도,단일로,기타단일로,커브ㆍ곡각 ,우,평지  ,교차로아님,교차로아님,포장,건조,맑음,N,충청남도아산시,1,127.004641666666,36.7871055555555
74244,2016,4,17,주,토,전라북도,무주군,차량단독,1~4,안전운전 의무 불이행,남,34,1,0,안전모,착용,군도,단일로,기타단일로,커브ㆍ곡각 ,좌,내리막,교차로아님,교차로아님,포장,건조,맑음,N,전라북도무주군,1,127.662866666666,36.0038277777777
74273,2016,4,1,야,일,전라남도,목포시,차량단독,1~4,안전운전 의무 불이행,남,19,1,0,,,시도,단일로,기타단일로,직선,직선,오르막,교차로아님,교차로아님,포장,건조,맑음,N,전라남도목포시,1,126.394419444444,34.8087888888888
74287,2016,4,14,주,일,충청남도,공주시,차량단독,15~,안전운전 의무 불이행,남,49,1,0,안전모,착용,일반국도,단일로,기타단일로,커브ㆍ곡각 ,우,내리막,교차로아님,교차로아님,포장,건조,맑음,N,충청남도공주시,1,127.121119444444,36.4436138888888
74387,2016,4,18,야,화,충청북도,청주시,차대차,1~4,안전운전 의무 불이행,남,22,1,0,안전모,착용,일반국도,단일로,기타단일로,직선,직선,평지,교차로아님,교차로아님,포장,건조,맑음,N,충청북도청주시,1,127.511730555555,36.5839972222222
74410,2016,4,4,야,수,충청북도,괴산군,차대차,5~9,,남,52,1,0,안전모,착용,일반국도,교차로,교차로내,직선,직선,평지,교차로,교차로 - 삼지,포장,건조,맑음,N,충청북도괴산군,1,127.788830555555,36.8124305555555
74426,2016,4,15,주,수,울산시,남구,차량단독,미상,안전운전 의무 불이행,남,21,1,0,안전모,착용,특별광역시도,단일로,기타단일로,커브ㆍ곡각 ,좌,평지  ,교차로아님,교차로아님,포장,건조,맑음,N,울산시남구,1,129.330175357608,35.5440426532722
74459,2016,4,22,야,수,경상남도,창원시,차대차,15~,신호위반,남,47,1,0,안전모,미착용,시도,교차로,교차로내,직선,직선,평지,교차로,교차로 - 사지,포장,젖음/습기,비,N,경상남도창원시,1,128.6401544,35.2540033
74498,2016,4,19,야,목,경기도,성남시,차대차,1~4,신호위반,남,50,1,0,안전모,미착용,시도,교차로,교차로부근,커브ㆍ곡각 ,좌,평지  ,교차로,교차로 - 삼지,포장,건조,맑음,N,경기도성남시,1,127.147719444444,37.4474916666666
74525,2016,4,12,주,금,충청남도,당진시,차량단독,15~,안전운전 의무 불이행,남,73,1,0,안전모,착용,지방도,단일로,기타단일로,커브ㆍ곡각 ,우,평지  ,교차로아님,교차로아님,포장,건조,맑음,N,충청남도당진시,1,126.630252777777,36.89075
74540,2016,4,15,주,금,광주시,남구,차량단독,1~4,안전운전 의무 불이행,남,78,1,0,안전모,착용,특별광역시도,단일로,터널안,직선,직선,평지,교차로아님,교차로아님,포장,건조,맑음,N,광주시남구,1,126.902557242258,35.1330174880422
74634,2016,4,21,야,토,경상북도,안동시,차량단독,5~9,안전운전 의무 불이행,남,47,1,0,안전모,,일반국도,단일로,기타단일로,커브ㆍ곡각 ,좌,평지  ,교차로아님,교차로아님,포장,건조,맑음,N,경상북도안동시,1,128.731622222222,36.5654638888888
74708,2016,4,12,주,월,경상북도,군위군,차량단독,15~,안전운전 의무 불이행,남,75,1,0,안전모,착용,일반국도,단일로,기타단일로,직선,직선,평지,교차로아님,교차로아님,포장,건조,맑음,N,경상북도군위군,1,128.575077777777,36.2399972222222
74766,2016,4,13,주,화,경상남도,합천군,차대차,15~,중앙선 침범,남,74,1,0,안전모,착용,군도,단일로,기타단일로,커브ㆍ곡각 ,좌,내리막,교차로아님,교차로아님,포장,건조,맑음,N,경상남도합천군,1,128.167930555555,35.5636166666666
74781,2016,4,18,야,화,경기도,용인시,차량단독,5~9,안전운전 의무 불이행,남,27,1,0,안전모,,시도,단일로,기타단일로,직선,직선,평지,교차로아님,교차로아님,포장,건조,맑음,N,경기도용인시,1,127.203844444444,37.2314777777777
74796,2016,4,5,야,수,충청북도,청주시,차대차,1~4,신호위반,남,52,1,0,안전모,착용,시도,교차로,교차로내,직선,직선,평지,교차로,교차로 - 사지,포장,젖음/습기,비,N,충청북도청주시,1,127.511730555555,36.5839972222222
74804,2016,4,14,주,수,경기도,포천시,차대차,15~,중앙선 침범,남,66,1,0,안전모,착용,지방도,단일로,기타단일로,직선,직선,평지,교차로아님,교차로아님,포장,건조,맑음,N,경기도포천시,1,127.202419444444,37.8921555555555
74832,2016,4,1,야,목,대전시,서구,차대차,1~4,안전운전 의무 불이행,남,27,1,0.20%~0.24%,안전모,착용,특별광역시도,단일로,기타단일로,직선,직선,평지,교차로아님,교차로아님,포장,건조,맑음,N,대전시서구,1,127.383415811453,36.3570729893642
74856,2016,4,14,주,목,광주시,광산구,차량단독,10~14,안전운전 의무 불이행,남,68,1,0,안전모,착용,특별광역시도,단일로,기타단일로,커브ㆍ곡각 ,좌,평지  ,교차로아님,교차로아님,포장,건조,맑음,N,광주시광산구,1,126.793668011574,35.1399583648888
74894,2016,4,4,야,금,경기도,성남시,차량단독,1~4,안전운전 의무 불이행,남,19,1,0.10%~0.14%,안전모,미착용,시도,단일로,기타단일로,커브ㆍ곡각 ,우,오르막,교차로아님,교차로아님,포장,건조,맑음,N,경기도성남시,1,127.147719444444,37.4474916666666
74956,2016,4,0,야,토,경상남도,창원시,차대차,15~,교차로 통행방법 위반,남,51,1,0,안전모,,시도,교차로,교차로내,직선,직선,평지,교차로,교차로 - 사지,포장,건조,맑음,N,경상남도창원시,1,128.6401544,35.2540033
74972,2016,4,11,주,토,강원도,춘천시,차량단독,5~9,안전운전 의무 불이행,남,36,1,0,안전모,착용,일반국도,단일로,기타단일로,커브ㆍ곡각 ,좌,평지  ,교차로아님,교차로아님,포장,건조,맑음,N,강원도춘천시,1,127.732311111111,37.8785416666666
74995,2016,4,19,야,토,경상북도,예천군,차량단독,15~,안전운전 의무 불이행,남,73,1,0,안전모,착용,군도,단일로,기타단일로,커브ㆍ곡각 ,좌,평지  ,교차로아님,교차로아님,포장,젖음/습기,비,N,경상북도예천군,1,128.455022222222,36.65495
75039,2016,4,15,주,일,서울시,성동구,차량단독,1~4,안전운전 의무 불이행,남,38,1,0,안전모,착용,특별광역시도,단일로,횡단보도부근,커브ㆍ곡각 ,좌,평지  ,교차로아님,교차로아님,포장,건조,맑음,N,서울시성동구,1,127.039,37.5606111111111
75051,2016,4,17,주,일,인천시,남동구,차대차,미상,신호위반,남,87,1,0,안전모,,특별광역시도,교차로,교차로내,직선,직선,평지,교차로,교차로 - 사지,포장,건조,맑음,N,인천시남동구,1,126.730966889481,37.4497106167382
75077,2016,4,0,야,월,경상남도,남해군,차량단독,10~14,안전운전 의무 불이행,남,36,1,0,안전모,미착용,지방도,교차로,교차로내,직선,직선,내리막,교차로,교차로 - 삼지,포장,건조,맑음,N,경상남도남해군,1,127.894466666666,34.8345583333333
75106,2016,4,17,주,월,제주시,제주시,차대차,15~,과속,남,33,1,0,안전모,착용,지방도,교차로,교차로내,직선,직선,평지,교차로,교차로 - 사지,포장,건조,맑음,N,제주시제주시,1,126.533208333333,33.4963111111111
75182,2016,4,9,주,수,경상북도,김천시,차대차,미상,신호위반,남,70,1,0,안전모,미착용,일반국도,교차로,교차로내,직선,직선,평지,교차로,교차로 - 삼지,포장,건조,맑음,N,경상북도김천시,1,128.1158,36.1368972222222
75262,2016,4,6,주,금,경기도,화성시,차량단독,15~,안전운전 의무 불이행,남,34,1,0,안전모,착용,시도,단일로,기타단일로,커브ㆍ곡각 ,우,평지  ,교차로아님,교차로아님,포장,건조,맑음,N,경기도화성시,1,126.833530555555,37.1968166666666
75303,2016,4,17,주,금,충청남도,부여군,차량단독,15~,안전운전 의무 불이행,남,74,1,0,안전모,,군도,단일로,기타단일로,커브ㆍ곡각 ,좌,평지  ,교차로아님,교차로아님,포장,건조,흐림,N,충청남도부여군,1,126.911863888888,36.2728222222222
75369,2016,4,20,야,토,부산시,동래구,차대차,1~4,안전운전 의무 불이행,남,20,1,0,안전모,미착용,특별광역시도,단일로,기타단일로,직선,직선,평지,교차로아님,교차로아님,포장,건조,맑음,N,부산시동래구,1,129.085855555555,35.2018722222222
75422,2016,4,19,야,일,경기도,시흥시,차량단독,10~14,안전운전 의무 불이행,남,34,1,0,안전모,착용,시도,단일로,기타단일로,커브ㆍ곡각 ,좌,평지  ,교차로아님,교차로아님,포장,건조,맑음,N,경기도시흥시,1,126.805077777777,37.3773194444444
75472,2016,4,17,주,월,충청남도,논산시,차량단독,15~,안전운전 의무 불이행,남,84,1,0,안전모,착용,시도,단일로,기타단일로,직선,직선,평지,교차로아님,교차로아님,포장,건조,맑음,N,충청남도논산시,1,127.100911111111,36.1842027777777
75487,2016,4,21,야,월,대전시,유성구,차량단독,5~9,안전운전 의무 불이행,남,24,1,0,안전모,착용,특별광역시도,단일로,기타단일로,커브ㆍ곡각 ,우,평지  ,교차로아님,교차로아님,포장,건조,맑음,N,대전시유성구,1,127.356136301599,36.3640558639158
75513,2016,4,11,주,화,전라남도,여수시,차대차,미상,,남,75,1,0,,,이면도로,교차로,교차로내,직선,직선,평지,교차로,교차로 - 사지,포장,건조,맑음,N,전라남도여수시,1,127.664386111111,34.7573111111111