,년,월,시간,주야,요일,시도,시군구,사고유형_대분류,면허경과년수,가해자법규위반,성별,연령,사망여부,가해자음주농도,보호장구,안전모_착용여부,도로종류,도로형태_대분류,도로형태,도로선형_대분류,도로선형_중분류,도로선형,교차로형태_대분류,교차로형태,노면상태_대분류,노면상태,기상상태,어린이보호구역여부,시도군구,exists,long,lat
80583,2016,7,17,주,금,충청북도,진천군,차대차,15~,신호위반,남,58,1,0,,,군도,교차로,교차로내,직선,직선,평지,교차로,교차로 - 사지,포장,건조,맑음,N,충청북도진천군,1,127.437644444444,36.8525388888888
80616,2016,7,1,야,토,서울시,강동구,차량단독,1~4,중앙선 침범,남,23,1,0.10%~0.14%,안전모,미착용,특별광역시도,단일로,기타단일로,커브ㆍ곡각 ,우,평지  ,교차로아님,교차로아님,포장,건조,맑음,N,서울시강동구,1,127.125863888888,37.5273666666666
80636,2016,7,11,주,토,충청북도,괴산군,차대차,미상,중앙선 침범,남,57,1,0.20%~0.24%,안전모,미착용,군도,단일로,기타단일로,직선,직선,평지,교차로아님,교차로아님,포장,건조,맑음,N,충청북도괴산군,1,127.788830555555,36.8124305555555
80667,2016,7,19,야,토,충청북도,청주시,차대차,미상,안전운전 의무 불이행,남,35,1,0,안전모,착용,시도,교차로,교차로내,직선,직선,평지,교차로,교차로 - 삼지,포장,건조,맑음,N,충청북도청주시,1,127.511730555555,36.5839972222222
80691,2016,7,5,야,일,충청남도,천안시,차량단독,미상,안전운전 의무 불이행,남,18,1,0,안전모,미착용,시도,교차로,교차로부근,커브ㆍ곡각 ,우,평지  ,교차로,교차로 - 삼지,포장,건조,맑음,N,충청남도천안시,1,127.152466666666,36.804125
80838,2016,7,18,야,화,충청북도,제천시,차대차,10~14,중앙선 침범,남,49,1,0,안전모,착용,시도,단일로,기타단일로,커브ㆍ곡각 ,우,평지  ,교차로아님,교차로아님,포장,건조,흐림,N,충청북도제천시,1,128.193152777777,37.1297694444444
80869,2016,7,6,주,수,인천시,연수구,차량단독,1~4,안전운전 의무 불이행,남,23,1,0,안전모,착용,특별광역시도,단일로,기타단일로,직선,직선,평지,교차로아님,교차로아님,포장,건조,맑음,N,인천시연수구,1,126.678265782781,37.4103812512024
80943,2016,7,10,주,목,충청남도,부여군,차대차,15~,중앙선 침범,남,74,1,0,안전모,미착용,군도,단일로,기타단일로,직선,직선,평지,교차로아님,교차로아님,포장,건조,맑음,N,충청남도부여군,1,126.911863888888,36.2728222222222
80944,2016,7,11,주,목,충청북도,충주시,차량단독,미상,안전운전 의무 불이행,남,77,1,0,안전모,미착용,시도,단일로,교량위,직선,직선,평지,교차로아님,교차로아님,포장,건조,맑음,N,충청북도충주시,1,127.928144444444,36.9881805555555
80998,2016,7,2,야,금,서울시,강남구,차대차,1~4,신호위반,남,18,1,0.05%~0.09%,안전모,착용,특별광역시도,교차로,교차로내,직선,직선,평지,교차로,교차로 - 사지,포장,건조,맑음,N,서울시강남구,1,127.049555555555,37.514575
81064,2016,7,5,야,토,경상남도,김해시,차량단독,10~14,안전운전 의무 불이행,남,27,1,0.25%~0.29%,안전모,미착용,시도,단일로,기타단일로,직선,직선,평지,교차로아님,교차로아님,포장,건조,맑음,N,경상남도김해시,1,128.891666666666,35.2255055555555
81128,2016,7,23,야,토,충청북도,제천시,차량단독,10~14,안전운전 의무 불이행,남,33,1,0,안전모,착용,일반국도,단일로,기타단일로,커브ㆍ곡각 ,우,내리막,교차로아님,교차로아님,포장,건조,맑음,N,충청북도제천시,1,128.193152777777,37.1297694444444
81151,2016,7,14,주,일,전라남도,함평군,차대차,15~,신호위반,남,78,1,0,안전모,착용,군도,교차로,교차로내,직선,직선,평지,교차로,교차로 - 사지,포장,건조,맑음,N,전라남도함평군,1,126.518619444444,35.0627444444444
81177,2016,7,20,야,일,전라남도,광양시,차대차,1~4,신호위반,남,19,1,0,안전모,착용,시도,교차로,교차로부근,직선,직선,평지,교차로,교차로 - 사지,포장,건조,맑음,N,전라남도광양시,1,127.698177777777,34.9375361111111
81235,2016,8,19,야,월,전라북도,익산시,차량단독,15~,안전운전 의무 불이행,남,60,1,0.15%~0.19%,안전모,미착용,시도,단일로,기타단일로,커브ㆍ곡각 ,좌,평지  ,교차로아님,교차로아님,포장,건조,맑음,N,전라북도익산시,1,126.959852777777,35.9452749999999
81364,2016,8,3,야,목,경기도,수원시,차량단독,1~4,안전운전 의무 불이행,남,23,1,0,안전모,미착용,시도,단일로,기타단일로,직선,직선,평지,교차로아님,교차로아님,포장,건조,맑음,N,경기도수원시,1,127.012222222222,37.3010111111111
81428,2016,8,2,야,금,경상북도,경산시,차량단독,미상,안전운전 의무 불이행,남,37,1,0,안전모,미착용,시도,단일로,기타단일로,직선,직선,평지,교차로아님,교차로아님,포장,건조,맑음,N,경상북도경산시,1,128.743463888888,35.8220888888888
81485,2016,8,4,야,토,경기도,김포시,차량단독,1~4,안전운전 의무 불이행,남,23,1,0.10%~0.14%,안전모,착용,일반국도,단일로,기타단일로,직선,직선,평지,교차로아님,교차로아님,포장,건조,맑음,N,경기도김포시,1,126.717777777777,37.6124583333333
81492,2016,8,12,주,토,전라남도,신안군,차량단독,미상,안전운전 의무 불이행,남,79,1,0,안전모,,군도,단일로,기타단일로,직선,직선,평지,교차로아님,교차로아님,포장,건조,맑음,N,전라남도신안군,1,126.381730555555,34.7898111111111
81526,2016,8,5,야,일,경기도,안성시,차량단독,1~4,안전운전 의무 불이행,남,18,1,0.05%~0.09%,안전모,미착용,시도,단일로,기타단일로,직선,직선,내리막,교차로아님,교차로아님,포장,건조,맑음,N,경기도안성시,1,127.281844444444,37.005175
81528,2016,8,6,주,일,인천시,동구,차량단독,1~4,안전운전 의무 불이행,남,18,1,0.10%~0.14%,안전모,미착용,특별광역시도,단일로,기타단일로,직선,직선,오르막,교차로아님,교차로아님,포장,건조,맑음,N,인천시동구,1,126.643244069288,37.47401607439
81588,2016,8,12,주,월,경상북도,영덕군,차대차,5~9,중앙선 침범,남,27,1,0,안전모,착용,군도,단일로,기타단일로,커브ㆍ곡각 ,우,내리막,교차로아님,교차로아님,포장,건조,맑음,N,경상북도영덕군,1,129.368355555555,36.4121027777777
81643,2016,8,2,야,화,부산시,기장군,차량단독,1~4,안전운전 의무 불이행,남,18,1,0,안전모,미착용,특별광역시도,단일로,기타단일로,커브ㆍ곡각 ,좌,오르막,교차로아님,교차로아님,포장,건조,맑음,N,부산시기장군,1,129.222287283017,35.2447754075554
81683,2016,8,20,야,화,충청남도,예산군,차량단독,15~,안전운전 의무 불이행,남,66,1,0.15%~0.19%,,,군도,단일로,기타단일로,직선,직선,평지,교차로아님,교차로아님,포장,건조,맑음,N,충청남도예산군,1,126.850874999999,36.6798055555555
81704,2016,8,12,주,수,전라북도,군산시,차대차,10~14,안전운전 의무 불이행,남,44,1,0.05%~0.09%,안전모,미착용,시도,단일로,기타단일로,직선,직선,평지,교차로아님,교차로아님,포장,건조,맑음,N,전라북도군산시,1,126.738844444444,35.9646416666666
81761,2016,8,12,주,목,부산시,부산진구,차대차,10~14,신호위반,남,76,1,0,안전모,착용,특별광역시도,교차로,교차로내,직선,직선,평지,교차로,교차로 - 오지이상,포장,건조,맑음,N,부산시부산진구,1,129.055319444444,35.1599527777777
81820,2016,8,10,주,금,경기도,화성시,차대차,15~,안전거리 미확보,남,73,1,0,안전모,착용,지방도,단일로,기타단일로,직선,직선,평지,교차로아님,교차로아님,포장,건조,맑음,N,경기도화성시,1,126.833530555555,37.1968166666666
81852,2016,8,17,주,금,경상남도,함안군,차량단독,5~9,안전운전 의무 불이행,남,82,1,0,안전모,착용,지방도,교차로,교차로부근,커브ㆍ곡각 ,우,오르막,교차로,교차로 - 삼지,포장,건조,맑음,N,경상남도함안군,1,128.408708333333,35.2694055555555
81994,2016,8,2,야,월,제주시,제주시,차대차,미상,안전거리 미확보,남,18,1,0,안전모,착용,지방도,교차로,교차로부근,직선,직선,평지,교차로,교차로 - 삼지,포장,건조,맑음,N,제주시제주시,1,126.533208333333,33.4963111111111
82035,2016,8,19,야,월,충청북도,제천시,차량단독,15~,안전운전 의무 불이행,남,47,1,0,안전모,착용,시도,단일로,기타단일로,커브ㆍ곡각 ,좌,평지  ,교차로아님,교차로아님,포장,건조,흐림,N,충청북도제천시,1,128.193152777777,37.1297694444444
82057,2016,8,5,야,화,전라남도,목포시,차대차,1~4,안전운전 의무 불이행,남,69,1,0,,,시도,교차로,교차로내,커브ㆍ곡각 ,우,내리막,교차로,교차로 - 삼지,포장,건조,맑음,N,전라남도목포시,1,126.394419444444,34.8087888888888
82304,2016,8,2,야,토,서울시,영등포구,차량단독,15~,안전운전 의무 불이행,남,61,1,0.15%~0.19%,안전모,미착용,특별광역시도,단일로,기타단일로,직선,직선,평지,교차로아님,교차로아님,포장,건조,맑음,N,서울시영등포구,1,126.898341666666,37.5236111111111
82345,2016,8,18,야,토,충청남도,청양군,차량단독,미상,안전운전 의무 불이행,여,74,1,0,안전모,미착용,군도,단일로,기타단일로,직선,직선,내리막,교차로아님,교차로아님,포장,건조,맑음,N,충청남도청양군,1,126.804255555555,36.4562694444444
82407,2016,8,21,야,일,경기도,이천시,차량단독,15~,안전운전 의무 불이행,남,76,1,0,안전모,,시도,단일로,기타단일로,직선,직선,평지,교차로아님,교차로아님,포장,건조,맑음,N,경기도이천시,1,127.443219444444,37.2754361111111
82454,2016,8,16,주,월,전라북도,군산시,차대차,미상,중앙선 침범,남,22,1,0,안전모,미착용,시도,단일로,기타단일로,커브ㆍ곡각 ,좌,내리막,교차로아님,교차로아님,포장,건조,맑음,N,전라북도군산시,1,126.738844444444,35.9646416666666
82458,2016,8,17,주,월,서울시,중구,차대차,15~,안전운전 의무 불이행,남,45,1,0,안전모,착용,특별광역시도,단일로,기타단일로,직선,직선,평지,교차로아님,교차로아님,포장,건조,맑음,N,서울시중구,1,126.999641666666,37.5610027777777
82508,2016,8,18,야,화,충청남도,공주시,차량단독,미상,안전운전 의무 불이행,남,60,1,0,안전모,미착용,지방도,단일로,기타단일로,직선,직선,내리막,교차로아님,교차로아님,포장,건조,맑음,N,충청남도공주시,1,127.121119444444,36.4436138888888
82579,2016,8,5,야,목,경기도,의정부시,차대차,5~9,안전운전 의무 불이행,남,30,1,0,,,군도,교차로,교차로부근,직선,직선,평지,교차로,교차로 - 삼지,포장,건조,맑음,N,경기도의정부시,1,127.035841666666,37.7352888888888
82755,2016,8,3,야,일,경상남도,고성군,차대차,15~,안전운전 의무 불이행,남,48,1,0.20%~0.24%,안전모,착용,군도,단일로,기타단일로,직선,직선,평지,교차로아님,교차로아님,포장,젖음/습기,비,N,경상남도고성군,1,128.324541666666,34.9699
82762,2016,8,9,주,일,전라북도,순창군,차대차,15~,신호위반,남,81,1,0,안전모,착용,일반국도,교차로,교차로내,직선,직선,평지,교차로,교차로 - 사지,포장,건조,맑음,N,전라북도순창군,1,127.139630555555,35.3713888888888
82866,2016,8,4,야,화,부산시,중구,차량단독,5~9,안전운전 의무 불이행,남,26,1,0,안전모,착용,특별광역시도,단일로,기타단일로,커브ㆍ곡각 ,우,평지  ,교차로아님,교차로아님,포장,건조,맑음,N,부산시중구,1,129.034508333333,35.1032166666666
82881,2016,8,10,주,화,충청북도,괴산군,차대차,미상,안전운전 의무 불이행,남,80,1,0,안전모,미착용,군도,단일로,기타단일로,직선,직선,평지,교차로아님,교차로아님,포장,건조,맑음,N,충청북도괴산군,1,127.788830555555,36.8124305555555
82882,2016,8,10,주,화,경상남도,창원시,차대차,5~9,안전운전 의무 불이행,남,68,1,0,안전모,착용,시도,교차로,교차로부근,직선,직선,평지,교차로,교차로 - 삼지,포장,건조,맑음,N,경상남도창원시,1,128.6401544,35.2540033
82959,2016,8,22,야,수,서울시,서초구,차대차,1~4,안전운전 의무 불이행,남,34,1,0,안전모,착용,특별광역시도,단일로,기타단일로,직선,직선,평지,교차로아님,교차로아님,포장,건조,맑음,N,서울시서초구,1,127.034811111111,37.4807861111111
83139,2016,9,23,야,토,경상남도,함양군,차량단독,1~4,안전운전 의무 불이행,남,17,1,0,안전모,미착용,군도,단일로,기타단일로,커브ㆍ곡각 ,우,평지  ,교차로아님,교차로아님,포장,건조,맑음,N,경상남도함양군,1,127.727419444444,35.5174694444444
83153,2016,9,10,주,일,전라북도,익산시,차량단독,15~,안전운전 의무 불이행,남,50,1,0,,,지방도,단일로,기타단일로,직선,직선,평지,교차로아님,교차로아님,포장,건조,맑음,N,전라북도익산시,1,126.959852777777,35.9452749999999
83159,2016,9,12,주,일,충청남도,아산시,차량단독,1~4,안전운전 의무 불이행,남,73,1,0.05%~0.09%,안전모,착용,지방도,단일로,기타단일로,커브ㆍ곡각 ,좌,오르막,교차로아님,교차로아님,포장,건조,맑음,N,충청남도아산시,1,127.004641666666,36.7871055555555
83177,2016,9,16,주,일,경상북도,성주군,차량단독,15~,안전운전 의무 불이행,남,81,1,0,안전모,착용,일반국도,단일로,기타단일로,직선,직선,내리막,교차로아님,교차로아님,포장,건조,흐림,N,경상북도성주군,1,128.285152777777,35.9162111111111
83200,2016,9,8,주,월,전라북도,전주시,차대차,15~,안전거리 미확보,남,79,1,0,안전모,미착용,지방도,단일로,기타단일로,직선,직선,평지,교차로아님,교차로아님,포장,건조,맑음,N,전라북도전주시,1,127.121919444444,35.8091888888888
83208,2016,9,11,주,월,경기도,시흥시,차대차,5~9,신호위반,남,56,1,0,안전모,착용,시도,교차로,교차로내,직선,직선,평지,교차로,교차로 - 사지,포장,건조,맑음,N,경기도시흥시,1,126.805077777777,37.3773194444444
83214,2016,9,14,주,월,충청남도,서산시,차량단독,15~,안전운전 의무 불이행,남,75,1,0.05%~0.09%,,,지방도,단일로,기타단일로,직선,직선,평지,교차로아님,교차로아님,포장,건조,맑음,N,충청남도서산시,1,126.452163888888,36.7820972222222
83254,2016,9,2,야,화,인천시,남동구,차량단독,5~9,안전운전 의무 불이행,남,31,1,0.35%이상,안전모,미착용,특별광역시도,단일로,교량위,직선,직선,평지,교차로아님,교차로아님,포장,건조,맑음,N,인천시남동구,1,126.730966889481,37.4497106167382
83322,2016,9,14,주,수,전라남도,무안군,차대차,1~4,신호위반,남,16,1,0,안전모,미착용,군도,교차로,교차로내,직선,직선,평지,교차로,교차로 - 사지,포장,건조,맑음,N,전라남도무안군,1,126.4837,34.9873694444444
83373,2016,9,12,주,목,경기도,고양시,차대차,5~9,안전운전 의무 불이행,남,28,1,0,안전모,착용,지방도,교차로,교차로부근,직선,직선,평지,교차로,교차로 - 삼지,포장,건조,맑음,N,경기도고양시,1,126.777055555555,37.6559083333333
83424,2016,9,8,주,금,전라북도,군산시,차대차,15~,,남,70,1,0.05%~0.09%,안전모,착용,시도,교차로,교차로내,직선,직선,평지,교차로,교차로 - 사지,포장,건조,맑음,N,전라북도군산시,1,126.738844444444,35.9646416666666
83426,2016,9,10,주,금,경기도,부천시,차대차,15~,신호위반,남,49,1,0,안전모,미착용,시도,교차로,교차로내,직선,직선,평지,교차로,교차로 - 사지,포장,건조,맑음,N,경기도부천시,1,126.766,37.5035917
83582,2016,9,16,주,일,경기도,파주시,차대차,1~4,신호위반,남,20,1,0,안전모,착용,시도,교차로,교차로내,직선,직선,평지,교차로,교차로 - 사지,포장,건조,맑음,N,경기도파주시,1,126.781952777777,37.7570833333333
83586,2016,9,17,주,일,경상남도,양산시,차대차,1~4,중앙선 침범,남,36,1,0,안전모,착용,시도,단일로,기타단일로,커브ㆍ곡각 ,우,평지  ,교차로아님,교차로아님,포장,건조,맑음,N,경상남도양산시,1,129.039411111111,35.3319277777777
83614,2016,9,3,야,월,충청남도,천안시,차대차,10~14,신호위반,남,32,1,0,안전모,착용,시도,교차로,교차로내,직선,직선,평지,교차로,교차로 - 사지,포장,건조,맑음,N,충청남도천안시,1,127.152466666666,36.804125
83622,2016,9,10,주,월,전라남도,영광군,차량단독,15~,안전운전 의무 불이행,남,75,1,0,안전모,,군도,단일로,기타단일로,직선,직선,평지,교차로아님,교차로아님,포장,건조,맑음,N,전라남도영광군,1,126.514086111111,35.2741666666666
83632,2016,9,16,주,월,충청남도,청양군,차량단독,15~,안전운전 의무 불이행,남,75,1,0.05%~0.09%,안전모,,군도,단일로,기타단일로,직선,직선,평지,교차로아님,교차로아님,포장,젖음/습기,비,N,충청남도청양군,1,126.804255555555,36.4562694444444
83635,2016,9,16,주,월,대전시,동구,차량단독,15~,안전운전 의무 불이행,남,71,1,0,안전모,착용,특별광역시도,단일로,기타단일로,직선,직선,내리막,교차로아님,교차로아님,포장,건조,맑음,N,대전시동구,1,127.454859584609,36.3120402777084
83733,2016,9,2,야,수,경상북도,영덕군,차대차,미상,중앙선 침범,남,31,1,0.15%~0.19%,안전모,착용,일반국도,단일로,기타단일로,커브ㆍ곡각 ,우,오르막,교차로아님,교차로아님,포장,건조,맑음,N,경상북도영덕군,1,129.368355555555,36.4121027777777
83735,2016,9,4,야,수,제주시,제주시,차량단독,1~4,안전운전 의무 불이행,남,17,1,0,안전모,착용,지방도,단일로,기타단일로,직선,직선,평지,교차로아님,교차로아님,포장,건조,맑음,N,제주시제주시,1,126.533208333333,33.4963111111111
83747,2016,9,12,주,수,강원도,양구군,차량단독,미상,안전운전 의무 불이행,남,44,1,0,안전모,착용,일반국도,단일로,기타단일로,직선,직선,평지,교차로아님,교차로아님,포장,건조,맑음,N,강원도양구군,1,127.992244444444,38.1072916666666
83779,2016,9,10,주,목,경상북도,청도군,차량단독,15~,안전운전 의무 불이행,남,80,1,0,안전모,미착용,,단일로,기타단일로,직선,직선,내리막,교차로아님,교차로아님,포장,건조,맑음,N,경상북도청도군,1,128.7362,35.6443111111111
83807,2016,9,7,주,금,부산시,동래구,차량단독,1~4,안전운전 의무 불이행,남,19,1,0,안전모,미착용,특별광역시도,단일로,기타단일로,직선,직선,평지,교차로아님,교차로아님,포장,건조,맑음,N,부산시동래구,1,129.085855555555,35.2018722222222
83892,2016,9,15,주,일,충청남도,홍성군,차대차,15~,안전거리 미확보,여,45,1,0.05%~0.09%,안전모,착용,군도,단일로,기타단일로,커브ㆍ곡각 ,우,평지  ,교차로아님,교차로아님,포장,건조,흐림,N,충청남도홍성군,1,126.662908333333,36.5983611111111
83893,2016,9,15,주,일,전라남도,함평군,차량단독,15~,안전운전 의무 불이행,남,79,1,0,안전모,미착용,군도,단일로,기타단일로,직선,직선,평지,교차로아님,교차로아님,포장,젖음/습기,흐림,N,전라남도함평군,1,126.518619444444,35.0627444444444
83972,2016,9,9,주,화,경상북도,안동시,차량단독,미상,안전운전 의무 불이행,여,68,1,0,안전모,,시도,단일로,기타단일로,직선,직선,평지,교차로아님,교차로아님,포장,건조,맑음,N,경상북도안동시,1,128.731622222222,36.5654638888888
84104,2016,9,3,야,금,대구시,서구,차량단독,5~9,안전운전 의무 불이행,남,25,1,0.15%~0.19%,안전모,,특별광역시도,단일로,기타단일로,커브ㆍ곡각 ,좌,평지  ,교차로아님,교차로아님,포장,건조,맑음,N,대구시서구,1,128.559160069259,35.8719405397309
84252,2016,9,16,주,일,경기도,여주시,차량단독,미상,안전운전 의무 불이행,남,23,1,0,안전모,착용,지방도,단일로,기타단일로,직선,직선,오르막,교차로아님,교차로아님,포장,건조,맑음,N,경기도여주시,1,127.639622222222,37.2953583333333
84301,2016,9,13,주,월,강원도,화천군,차량단독,5~9,안전운전 의무 불이행,남,29,1,0,안전모,착용,일반국도,단일로,기타단일로,커브ㆍ곡각 ,우,평지  ,교차로아님,교차로아님,포장,건조,맑음,N,강원도화천군,1,127.710355555555,38.1034083333333
84380,2016,9,16,주,화,경상북도,청송군,차량단독,1~4,안전운전 의무 불이행,남,31,1,0,안전모,착용,일반국도,단일로,기타단일로,커브ㆍ곡각 ,좌,오르막,교차로아님,교차로아님,포장,건조,맑음,N,경상북도청송군,1,129.0594,36.4332916666666
84410,2016,9,9,주,수,전라북도,익산시,차대차,1~4,신호위반,남,65,1,0.15%~0.19%,안전모,착용,시도,교차로,교차로내,직선,직선,평지,교차로,교차로 - 사지,포장,건조,맑음,N,전라북도익산시,1,126.959852777777,35.9452749999999
84547,2016,9,14,주,금,서울시,금천구,차대차,1~4,안전거리 미확보,남,59,1,0,안전모,착용,특별광역시도,단일로,기타단일로,직선,직선,평지,교차로아님,교차로아님,포장,건조,맑음,N,서울시금천구,1,126.904197222222,37.4491083333333
84640,2016,10,3,야,일,경기도,김포시,차대차,10~14,신호위반,남,36,1,0,안전모,,특별광역시도,교차로,교차로내,직선,직선,평지,교차로,교차로 - 사지,포장,건조,맑음,N,경기도김포시,1,126.717777777777,37.6124583333333
84659,2016,10,14,주,일,충청북도,괴산군,차량단독,1~4,안전운전 의무 불이행,남,25,1,0,안전모,,군도,교차로,교차로부근,커브ㆍ곡각 ,우,오르막,교차로,교차로 - 회전,포장,건조,흐림,N,충청북도괴산군,1,127.788830555555,36.8124305555555
84663,2016,10,17,주,일,제주시,제주시,차대차,1~4,안전운전 의무 불이행,여,75,1,0,안전모,착용,지방도,단일로,기타단일로,직선,직선,오르막,교차로아님,교차로아님,포장,건조,맑음,N,제주시제주시,1,126.533208333333,33.4963111111111
84736,2016,10,0,야,화,경상북도,경산시,차량단독,미상,안전운전 의무 불이행,남,63,1,0,안전모,미착용,시도,단일로,기타단일로,직선,직선,오르막,교차로아님,교차로아님,포장,건조,맑음,N,경상북도경산시,1,128.743463888888,35.8220888888888
84739,2016,10,1,야,화,경기도,용인시,차대차,1~4,신호위반,남,19,1,0,안전모,착용,시도,교차로,교차로내,직선,직선,평지,교차로,교차로 - 사지,포장,건조,맑음,N,경기도용인시,1,127.203844444444,37.2314777777777
84843,2016,10,5,야,목,서울시,구로구,차대차,1~4,중앙선 침범,남,52,1,0,안전모,미착용,특별광역시도,단일로,기타단일로,직선,직선,평지,교차로아님,교차로아님,포장,건조,맑음,N,서울시구로구,1,126.889597222222,37.49265
84889,2016,10,20,야,목,경상북도,울릉군,차량단독,15~,안전운전 의무 불이행,남,74,1,0,안전모,미착용,군도,교차로,교차로부근,직선,직선,오르막,교차로,교차로 - 삼지,포장,건조,맑음,N,경상북도울릉군,1,130.903788888888,37.480575
84909,2016,10,7,주,금,경상북도,성주군,차량단독,1~4,안전운전 의무 불이행,남,73,1,0,,,군도,단일로,기타단일로,,,,교차로아님,교차로아님,포장,건조,기타,N,경상북도성주군,1,128.285152777777,35.9162111111111
84930,2016,10,13,주,금,충청남도,서산시,차량단독,5~9,안전운전 의무 불이행,남,23,1,0.05%~0.09%,,,일반국도,단일로,기타단일로,직선,직선,평지,교차로아님,교차로아님,포장,건조,맑음,N,충청남도서산시,1,126.452163888888,36.7820972222222
85065,2016,10,10,주,일,경상남도,함양군,차대차,미상,교차로 통행방법 위반,남,73,1,0,안전모,미착용,일반국도,단일로,기타단일로,직선,직선,평지,교차로아님,교차로아님,포장,건조,맑음,N,경상남도함양군,1,127.727419444444,35.5174694444444
85117,2016,10,6,주,월,전라남도,영암군,차대차,미상,,여,75,1,0,안전모,착용,일반국도,교차로,교차로내,직선,직선,평지,교차로,교차로 - 삼지,포장,건조,맑음,N,전라남도영암군,1,126.698619444444,34.7969888888888
85155,2016,10,17,주,월,인천시,강화군,차대차,미상,안전운전 의무 불이행,남,75,1,0,안전모,착용,특별광역시도,단일로,기타단일로,직선,직선,평지,교차로아님,교차로아님,포장,건조,맑음,N,인천시강화군,1,126.487841711623,37.7469290696865
85437,2016,10,12,주,토,충청남도,천안시,차량단독,10~14,안전운전 의무 불이행,남,28,1,0,안전모,착용,시도,단일로,기타단일로,커브ㆍ곡각 ,좌,평지  ,교차로아님,교차로아님,포장,건조,맑음,N,충청남도천안시,1,127.152466666666,36.804125
85469,2016,10,20,야,토,충청남도,천안시,차량단독,미상,,남,72,1,0,안전모,미착용,고속국도,단일로,기타단일로,직선,직선,평지,교차로아님,교차로아님,포장,건조,맑음,N,충청남도천안시,1,127.152466666666,36.804125
85606,2016,10,14,주,화,경상북도,경산시,차대차,미상,안전운전 의무 불이행,남,62,1,0,안전모,미착용,군도,단일로,기타단일로,직선,직선,평지,교차로아님,교차로아님,포장,건조,맑음,N,경상북도경산시,1,128.743463888888,35.8220888888888
85630,2016,10,0,야,수,강원도,인제군,차량단독,15~,안전운전 의무 불이행,남,50,1,0,안전모,착용,일반국도,단일로,기타단일로,커브ㆍ곡각 ,우,평지  ,교차로아님,교차로아님,포장,건조,맑음,N,강원도인제군,1,128.172697222222,38.0669722222222
85676,2016,10,19,야,수,충청남도,부여군,차량단독,15~,안전운전 의무 불이행,남,62,1,0.30%~0.34%,안전모,,일반국도,단일로,기타단일로,커브ㆍ곡각 ,우,평지  ,교차로아님,교차로아님,포장,건조,맑음,N,충청남도부여군,1,126.911863888888,36.2728222222222
85771,2016,10,12,주,금,전라남도,여수시,차대차,15~,신호위반,남,76,1,0,안전모,착용,시도,교차로,교차로내,직선,직선,평지,교차로,교차로 - 삼지,포장,건조,흐림,N,전라남도여수시,1,127.664386111111,34.7573111111111
85784,2016,10,15,주,금,경기도,포천시,차량단독,10~14,안전운전 의무 불이행,남,74,1,0,안전모,미착용,시도,단일로,기타단일로,직선,직선,평지,교차로아님,교차로아님,포장,건조,맑음,N,경기도포천시,1,127.202419444444,37.8921555555555
85818,2016,10,23,야,금,부산시,사하구,차대차,미상,안전운전 의무 불이행,남,26,1,0,안전모,,특별광역시도,단일로,기타단일로,커브ㆍ곡각 ,우,오르막,교차로아님,교차로아님,포장,건조,맑음,N,부산시사하구,1,128.977041666666,35.1014277777777
85827,2016,10,3,야,토,경기도,양주시,차량단독,1~4,안전운전 의무 불이행,남,18,1,0.10%~0.14%,안전모,미착용,지방도,단일로,기타단일로,직선,직선,평지,교차로아님,교차로아님,포장,건조,맑음,N,경기도양주시,1,127.047819444444,37.78245
85958,2016,10,8,주,월,전라북도,장수군,차량단독,5~9,안전운전 의무 불이행,남,83,1,0,안전모,미착용,군도,단일로,기타단일로,직선,직선,평지,교차로아님,교차로아님,포장,건조,맑음,N,전라북도장수군,1,127.5233,35.6442972222222
85978,2016,10,16,주,월,전라남도,영광군,차량단독,미상,안전운전 의무 불이행,여,83,1,0,안전모,,이면도로,단일로,기타단일로,직선,직선,평지,교차로아님,교차로아님,포장,건조,맑음,N,전라남도영광군,1,126.514086111111,35.2741666666666
85985,2016,10,17,주,월,경상남도,의령군,차량단독,15~,안전운전 의무 불이행,남,82,1,0,안전모,착용,군도,단일로,기타단일로,직선,직선,평지,교차로아님,교차로아님,포장,건조,맑음,N,경상남도의령군,1,128.263822222222,35.3191194444444
86063,2016,10,10,주,수,경기도,고양시,차량단독,1~4,안전운전 의무 불이행,남,33,1,0,안전모,착용,시도,교차로,교차로부근,직선,직선,평지,교차로,교차로 - 삼지,포장,건조,흐림,N,경기도고양시,1,126.777055555555,37.6559083333333
86118,2016,10,3,야,목,경기도,김포시,차량단독,1~4,안전거리 미확보,남,18,1,0.15%~0.19%,안전모,미착용,지방도,단일로,기타단일로,직선,직선,평지,교차로아님,교차로아님,포장,건조,맑음,N,경기도김포시,1,126.717777777777,37.6124583333333
86170,2016,10,1,야,금,경상남도,김해시,차량단독,5~9,안전운전 의무 불이행,남,24,1,0,안전모,미착용,시도,단일로,기타단일로,직선,직선,오르막,교차로아님,교차로아님,포장,건조,맑음,N,경상남도김해시,1,128.891666666666,35.2255055555555