,년,월,시간,주야,요일,시도,시군구,사고유형_대분류,면허경과년수,가해자법규위반,성별,연령,사망여부,가해자음주농도,보호장구,안전모_착용여부,도로종류,도로형태_대분류,도로형태,도로선형_대분류,도로선형_중분류,도로선형,교차로형태_대분류,교차로형태,노면상태_대분류,노면상태,기상상태,어린이보호구역여부,시도군구,exists,long,lat
86188,2016,10,15,주,금,경상남도,창녕군,차대차,미상,안전운전 의무 불이행,남,63,1,0,안전모,미착용,군도,교차로,교차로내,직선,직선,평지,교차로,교차로 - 삼지,포장,젖음/습기,비,N,경상남도창녕군,1,128.494533333333,35.5415361111111
86252,2016,10,16,주,토,전라남도,나주시,차대차,15~,중앙선 침범,남,73,1,0,안전모,착용,시도,단일로,기타단일로,커브ㆍ곡각 ,우,평지  ,교차로아님,교차로아님,포장,건조,맑음,N,전라남도나주시,1,126.712866666666,35.0128388888888
86277,2016,10,22,야,토,전라북도,군산시,차량단독,미상,안전운전 의무 불이행,남,53,1,0.25%~0.29%,안전모,,시도,단일로,기타단일로,직선,직선,평지,교차로아님,교차로아님,포장,건조,맑음,N,전라북도군산시,1,126.738844444444,35.9646416666666
86295,2016,10,10,주,일,강원도,홍천군,차량단독,15~,안전운전 의무 불이행,남,48,1,0,안전모,착용,지방도,단일로,기타단일로,커브ㆍ곡각 ,좌,평지  ,교차로아님,교차로아님,포장,건조,맑음,N,강원도홍천군,1,127.890841666666,37.6944222222222
86340,2016,10,21,야,일,경기도,안양시,차량단독,5~9,안전운전 의무 불이행,남,30,1,0,안전모,착용,시도,단일로,기타단일로,커브ㆍ곡각 ,좌,내리막,교차로아님,교차로아님,포장,건조,맑음,N,경기도안양시,1,126.953355555555,37.3897
86349,2016,10,5,야,월,서울시,강서구,차량단독,5~9,안전운전 의무 불이행,남,22,1,0.05%~0.09%,안전모,,특별광역시도,단일로,기타단일로,직선,직선,평지,교차로아님,교차로아님,포장,건조,맑음,N,서울시강서구,1,126.851675,37.5481555555555
86415,2016,11,14,주,화,전라남도,완도군,차량단독,미상,안전운전 의무 불이행,남,84,1,0,,,군도,단일로,기타단일로,직선,직선,내리막,교차로아님,교차로아님,포장,건조,맑음,N,전라남도완도군,1,126.757097222222,34.3078527777777
86450,2016,11,3,야,수,충청북도,청주시,차량단독,1~4,안전운전 의무 불이행,남,20,1,0.15%~0.19%,안전모,미착용,시도,단일로,기타단일로,커브ㆍ곡각 ,좌,평지  ,교차로아님,교차로아님,포장,건조,맑음,N,충청북도청주시,1,127.511730555555,36.5839972222222
86537,2016,11,18,야,목,전라북도,군산시,차대차,미상,신호위반,남,26,1,0,안전모,미착용,시도,교차로,교차로내,직선,직선,평지,교차로,교차로 - 사지,포장,건조,맑음,N,전라북도군산시,1,126.738844444444,35.9646416666666
86609,2016,11,4,야,토,충청북도,청주시,차량단독,1~4,안전운전 의무 불이행,남,18,1,0,안전모,미착용,시도,단일로,기타단일로,직선,직선,평지,교차로아님,교차로아님,포장,건조,맑음,N,충청북도청주시,1,127.511730555555,36.5839972222222
86610,2016,11,4,야,토,충청남도,논산시,차량단독,1~4,안전거리 미확보,남,20,1,0,안전모,미착용,시도,단일로,기타단일로,직선,직선,평지,교차로아님,교차로아님,포장,건조,맑음,N,충청남도논산시,1,127.100911111111,36.1842027777777
86618,2016,11,9,주,토,경기도,가평군,차대차,15~,중앙선 침범,남,47,1,0,안전모,착용,일반국도,단일로,기타단일로,커브ㆍ곡각 ,우,평지  ,교차로아님,교차로아님,포장,건조,맑음,N,경기도가평군,1,127.511777777777,37.8288305555555
86629,2016,11,14,주,토,서울시,영등포구,차대차,미상,안전거리 미확보,남,55,1,0,안전모,착용,특별광역시도,,,직선,직선,평지,교차로아님,교차로아님,포장,건조,맑음,N,서울시영등포구,1,126.898341666666,37.5236111111111
86634,2016,11,15,주,토,서울시,동대문구,차량단독,15~,안전운전 의무 불이행,남,64,1,0,안전모,미착용,특별광역시도,단일로,기타단일로,직선,직선,평지,교차로아님,교차로아님,포장,건조,맑음,N,서울시동대문구,1,127.042141666666,37.571625
86650,2016,11,19,야,토,서울시,마포구,차대차,1~4,신호위반,남,20,1,0,안전모,착용,특별광역시도,교차로,교차로내,직선,직선,평지,교차로,교차로 - 사지,포장,건조,흐림,N,서울시마포구,1,126.910530555555,37.5607055555555
86841,2016,11,23,야,화,서울시,노원구,차대차,미상,신호위반,남,68,1,0,안전모,착용,특별광역시도,교차로,교차로내,직선,직선,평지,교차로,교차로 - 사지,포장,건조,맑음,N,서울시노원구,1,127.058388888888,37.6514611111111
86926,2016,11,17,주,목,충청남도,청양군,차대차,15~,중앙선 침범,남,77,1,0,안전모,착용,일반국도,단일로,기타단일로,커브ㆍ곡각 ,우,내리막,교차로아님,교차로아님,포장,젖음/습기,비,N,충청남도청양군,1,126.804255555555,36.4562694444444
87019,2016,11,5,야,토,대구시,달서구,차대차,1~4,신호위반,남,17,1,0,안전모,미착용,특별광역시도,교차로,교차로내,직선,직선,평지,교차로,교차로 - 사지,포장,건조,흐림,N,대구시달서구,1,128.532590453916,35.8299774381395
87023,2016,11,6,주,토,경기도,파주시,차량단독,15~,안전운전 의무 불이행,남,17,1,0,안전모,미착용,시도,단일로,기타단일로,커브ㆍ곡각 ,좌,내리막,교차로아님,교차로아님,포장,건조,맑음,N,경기도파주시,1,126.781952777777,37.7570833333333
87053,2016,11,16,주,토,경기도,광주시,차대차,1~4,중앙선 침범,남,84,1,0,안전모,미착용,지방도,단일로,기타단일로,직선,직선,평지,교차로아님,교차로아님,포장,건조,맑음,N,경기도광주시,1,127.257786111111,37.4145055555555
87085,2016,11,2,야,일,경기도,부천시,차대차,1~4,신호위반,남,20,1,0,안전모,착용,시도,교차로,교차로내,직선,직선,평지,교차로,교차로 - 삼지,포장,건조,맑음,N,경기도부천시,1,126.766,37.5035917
87091,2016,11,6,주,일,대구시,서구,차대차,1~4,신호위반,남,19,1,0.10%~0.14%,안전모,착용,특별광역시도,교차로,교차로내,직선,직선,평지,교차로,교차로 - 사지,포장,건조,맑음,N,대구시서구,1,128.559160069259,35.8719405397309
87123,2016,11,20,야,일,전라북도,완주군,차대차,미상,교차로 통행방법 위반,여,65,1,0,안전모,,군도,교차로,교차로내,직선,직선,평지,교차로,교차로 - 삼지,포장,건조,맑음,N,전라북도완주군,1,127.149597222222,35.8429694444444
87258,2016,11,1,야,목,경기도,시흥시,차대차,1~4,신호위반,남,18,1,0,안전모,미착용,시도,교차로,교차로내,직선,직선,평지,교차로,교차로 - 사지,포장,건조,맑음,N,경기도시흥시,1,126.805077777777,37.3773194444444
87260,2016,11,2,야,목,경상남도,김해시,차량단독,1~4,안전운전 의무 불이행,남,17,1,0,안전모,,시도,단일로,기타단일로,직선,직선,평지,교차로아님,교차로아님,포장,건조,맑음,N,경상남도김해시,1,128.891666666666,35.2255055555555
87272,2016,11,12,주,목,강원도,홍천군,차대차,15~,안전운전 의무 불이행,남,71,1,0,안전모,미착용,군도,단일로,기타단일로,직선,직선,평지,교차로아님,교차로아님,포장,건조,맑음,N,강원도홍천군,1,127.890841666666,37.6944222222222
87293,2016,11,19,야,목,인천시,서구,차대차,5~9,안전운전 의무 불이행,남,44,1,0,안전모,미착용,특별광역시도,교차로,교차로부근,직선,직선,평지,교차로,교차로 - 삼지,포장,건조,맑음,N,인천시서구,1,126.675961611619,37.5454637180429
87313,2016,11,8,주,금,울산시,남구,차대차,15~,안전운전 의무 불이행,남,42,1,0,안전모,착용,특별광역시도,교차로,교차로부근,직선,직선,평지,교차로,교차로 - 사지,포장,건조,맑음,N,울산시남구,1,129.330175357608,35.5440426532722
87435,2016,11,0,야,일,경상남도,김해시,차대차,1~4,신호위반,남,20,1,0,안전모,미착용,시도,교차로,교차로내,직선,직선,평지,교차로,교차로 - 사지,포장,건조,맑음,N,경상남도김해시,1,128.891666666666,35.2255055555555
87509,2016,11,10,주,월,대구시,달서구,차대차,15~,,남,79,1,0,안전모,,특별광역시도,단일로,기타단일로,직선,직선,평지,교차로아님,교차로아님,포장,건조,맑음,N,대구시달서구,1,128.532590453916,35.8299774381395
87703,2016,11,11,주,금,경상남도,거제시,차량단독,15~,안전운전 의무 불이행,남,45,1,0,안전모,,지방도,단일로,기타단일로,커브ㆍ곡각 ,우,내리막,교차로아님,교차로아님,포장,건조,맑음,N,경상남도거제시,1,128.623355555555,34.8773583333333
87765,2016,11,14,주,토,경상북도,구미시,차대차,미상,신호위반,남,67,1,0,안전모,착용,시도,교차로,교차로내,직선,직선,평지,교차로,교차로 - 사지,포장,건조,맑음,N,경상북도구미시,1,128.346777777777,36.11655
87766,2016,11,14,주,토,울산시,중구,차대차,미상,안전운전 의무 불이행,남,38,1,0,안전모,착용,특별광역시도,교차로,교차로부근,직선,직선,내리막,교차로,교차로 - 사지,포장,건조,흐림,N,울산시중구,1,129.332816213431,35.5697122805921
87767,2016,11,15,주,토,경상북도,예천군,차량단독,미상,안전운전 의무 불이행,여,77,1,0,안전모,미착용,군도,단일로,기타단일로,직선,직선,평지,교차로아님,교차로아님,포장,적설,눈,N,경상북도예천군,1,128.455022222222,36.65495
87796,2016,11,10,주,일,울산시,울주군,차량단독,15~,안전운전 의무 불이행,남,59,1,0,안전모,착용,특별광역시도,단일로,기타단일로,커브ㆍ곡각 ,우,평지  ,교차로아님,교차로아님,포장,건조,맑음,N,울산시울주군,1,129.242474811581,35.5223064790022
87835,2016,11,1,야,월,경상남도,진주시,차대차,미상,안전운전 의무 불이행,남,55,1,0.15%~0.19%,안전모,착용,이면도로,단일로,기타단일로,직선,직선,평지,교차로아님,교차로아님,포장,건조,맑음,N,경상남도진주시,1,128.109999999999,35.1770333333333
87837,2016,11,2,야,월,인천시,부평구,차대차,10~14,신호위반,남,30,1,0,안전모,미착용,특별광역시도,교차로,교차로내,직선,직선,평지,교차로,교차로 - 사지,포장,건조,맑음,N,인천시부평구,1,126.721906848531,37.5078420372559
87855,2016,11,12,주,월,충청북도,음성군,차대차,15~,안전운전 의무 불이행,남,87,1,0,안전모,착용,군도,교차로,교차로부근,직선,직선,평지,교차로,교차로 - 사지,포장,건조,맑음,N,충청북도음성군,1,127.692622222222,36.9374055555555
87899,2016,11,23,야,월,경상북도,김천시,차량단독,10~14,안전운전 의무 불이행,남,26,1,0,안전모,착용,지방도,단일로,기타단일로,커브ㆍ곡각 ,우,내리막,교차로아님,교차로아님,포장,건조,맑음,N,경상북도김천시,1,128.1158,36.1368972222222
87906,2016,11,9,주,화,경상남도,산청군,차량단독,15~,안전운전 의무 불이행,남,68,1,0,안전모,착용,지방도,단일로,기타단일로,직선,직선,평지,교차로아님,교차로아님,포장,건조,맑음,N,경상남도산청군,1,127.875619444444,35.4124916666666
88027,2016,12,23,야,목,대구시,달서구,차대차,15~,중앙선 침범,남,41,1,0.10%~0.14%,안전모,착용,특별광역시도,단일로,기타단일로,직선,직선,평지,교차로아님,교차로아님,포장,건조,맑음,N,대구시달서구,1,128.532590453916,35.8299774381395
88032,2016,12,5,야,금,경상남도,창원시,차량단독,1~4,안전운전 의무 불이행,남,22,1,0,안전모,착용,일반국도,,,직선,직선,평지,교차로아님,교차로아님,포장,젖음/습기,맑음,N,경상남도창원시,1,128.6401544,35.2540033
88040,2016,12,9,주,금,충청남도,서산시,차대차,15~,교차로 통행방법 위반,남,80,1,0,,,시도,교차로,교차로내,직선,직선,평지,교차로,교차로 - 사지,포장,건조,맑음,N,충청남도서산시,1,126.452163888888,36.7820972222222
88103,2016,12,16,주,토,전라북도,남원시,차량단독,미상,안전운전 의무 불이행,여,67,1,0,안전모,착용,시도,단일로,기타단일로,직선,직선,내리막,교차로아님,교차로아님,포장,건조,맑음,N,전라북도남원시,1,127.3925,35.4132555555555
88166,2016,12,7,주,월,울산시,중구,차량단독,15~,안전운전 의무 불이행,남,59,1,0.05%~0.09%,안전모,착용,특별광역시도,교차로,교차로내,직선,직선,평지,교차로,교차로 - 삼지,포장,건조,맑음,N,울산시중구,1,129.332816213431,35.5697122805921
88200,2016,12,20,야,월,서울시,노원구,차대차,15~,중앙선 침범,남,44,1,0,,,특별광역시도,교차로,교차로내,직선,직선,평지,교차로,교차로 - 삼지,포장,건조,맑음,N,서울시노원구,1,127.058388888888,37.6514611111111
88293,2016,12,23,야,수,경기도,시흥시,차량단독,15~,안전운전 의무 불이행,남,34,1,0,안전모,미착용,시도,교차로,교차로부근,직선,직선,평지,교차로,교차로 - 사지,포장,건조,맑음,N,경기도시흥시,1,126.805077777777,37.3773194444444
88389,2016,12,20,야,금,충청북도,음성군,차대차,미상,안전운전 의무 불이행,남,59,1,0,안전모,착용,군도,단일로,기타단일로,직선,직선,평지,교차로아님,교차로아님,포장,건조,맑음,N,충청북도음성군,1,127.692622222222,36.9374055555555
88459,2016,12,21,야,토,세종시,세종시,차대차,미상,안전운전 의무 불이행,남,48,1,0,안전모,착용,시도,교차로,교차로부근,직선,직선,평지,교차로,교차로 - 사지,포장,건조,맑음,N,세종시세종시,1,127.289448,36.479522
88464,2016,12,23,야,토,서울시,강북구,차대차,1~4,신호위반,남,19,1,0,안전모,미착용,특별광역시도,교차로,교차로내,직선,직선,평지,교차로,교차로 - 삼지,포장,건조,맑음,N,서울시강북구,1,127.027719444444,37.6369555555555
88558,2016,12,10,주,화,전라남도,영광군,차량단독,미상,안전운전 의무 불이행,남,81,1,0,안전모,,군도,단일로,기타단일로,직선,직선,내리막,교차로아님,교차로아님,포장,건조,맑음,N,전라남도영광군,1,126.514086111111,35.2741666666666
88596,2016,12,1,야,수,서울시,강남구,차대차,15~,신호위반,남,20,1,0,안전모,착용,특별광역시도,교차로,교차로내,직선,직선,평지,교차로,교차로 - 사지,포장,건조,맑음,N,서울시강남구,1,127.049555555555,37.514575
88620,2016,12,19,야,수,울산시,울주군,차량단독,1~4,안전운전 의무 불이행,여,67,1,0,안전모,착용,특별광역시도,단일로,기타단일로,커브ㆍ곡각 ,좌,평지  ,교차로아님,교차로아님,포장,건조,맑음,N,울산시울주군,1,129.242474811581,35.5223064790022
88635,2016,12,11,주,목,충청남도,예산군,차대차,15~,안전운전 의무 불이행,남,76,1,0,안전모,착용,지방도,단일로,기타단일로,직선,직선,평지,교차로아님,교차로아님,포장,건조,맑음,N,충청남도예산군,1,126.850874999999,36.6798055555555
88668,2016,12,4,야,금,부산시,사상구,차량단독,1~4,안전운전 의무 불이행,남,22,1,0,안전모,착용,특별광역시도,단일로,기타단일로,직선,직선,평지,교차로아님,교차로아님,포장,건조,맑음,N,부산시사상구,1,128.993333333333,35.1494666666666
88722,2016,12,23,야,금,서울시,광진구,차량단독,5~9,안전운전 의무 불이행,남,27,1,0.15%~0.19%,안전모,착용,특별광역시도,단일로,기타단일로,직선,직선,평지,교차로아님,교차로아님,포장,건조,맑음,N,서울시광진구,1,127.084533333333,37.5357388888888
88810,2016,12,6,주,월,울산시,남구,차량단독,10~14,안전운전 의무 불이행,남,35,1,0,안전모,착용,특별광역시도,단일로,기타단일로,직선,직선,평지,교차로아님,교차로아님,포장,건조,맑음,N,울산시남구,1,129.330175357608,35.5440426532722
88855,2016,12,12,주,화,부산시,부산진구,차량단독,미상,안전운전 의무 불이행,남,65,1,0,안전모,착용,특별광역시도,단일로,기타단일로,직선,직선,평지,교차로아님,교차로아님,포장,건조,맑음,N,부산시부산진구,1,129.055319444444,35.1599527777777
88892,2016,12,23,야,화,부산시,기장군,차량단독,5~9,안전운전 의무 불이행,남,33,1,0,안전모,착용,특별광역시도,단일로,기타단일로,커브ㆍ곡각 ,우,오르막,교차로아님,교차로아님,포장,건조,맑음,N,부산시기장군,1,129.222287283017,35.2447754075554
89012,2016,12,21,야,금,서울시,관악구,차대차,15~,중앙선 침범,남,32,1,0,안전모,착용,특별광역시도,단일로,기타단일로,커브ㆍ곡각 ,우,평지  ,교차로아님,교차로아님,포장,건조,맑음,N,서울시관악구,1,126.953844444444,37.4753861111111
89040,2016,12,15,주,토,경기도,김포시,차량단독,15~,안전운전 의무 불이행,남,61,1,0.20%~0.24%,안전모,미착용,시도,단일로,기타단일로,커브ㆍ곡각 ,좌,평지  ,교차로아님,교차로아님,포장,건조,맑음,N,경기도김포시,1,126.717777777777,37.6124583333333
89215,2016,12,23,야,수,충청북도,보은군,차량단독,15~,안전운전 의무 불이행,남,24,1,0,안전모,미착용,지방도,단일로,기타단일로,직선,직선,평지,교차로아님,교차로아님,포장,건조,맑음,N,충청북도보은군,1,127.731608333333,36.4865333333333
89226,2016,12,7,주,목,울산시,북구,차대차,15~,,남,56,1,0,안전모,착용,특별광역시도,단일로,기타단일로,직선,직선,평지,교차로아님,교차로아님,포장,건조,맑음,N,울산시북구,1,129.361244971292,35.5827078312412
89355,2016,12,18,야,토,충청남도,태안군,차대차,미상,안전운전 의무 불이행,남,66,1,0,,,군도,단일로,기타단일로,직선,직선,평지,교차로아님,교차로아님,포장,건조,맑음,N,충청남도태안군,1,126.299975,36.7426666666666
89404,2017,1,8,주,월,서울시,영등포구,차량단독,15~,안전운전 의무 불이행,남,54,1,0,안전모,,특별광역시도,교차로,교차로내,직선,직선,평지,교차로,교차로 - 사지,포장,젖음/습기,흐림,N,서울시영등포구,1,126.898341666666,37.5236111111111
89419,2017,1,17,주,월,경상북도,의성군,차량단독,미상,안전운전 의무 불이행,남,89,1,0,안전모,,군도,단일로,교량위,직선,직선,평지,교차로아님,교차로아님,포장,건조,맑음,N,경상북도의성군,1,128.699363888888,36.3497583333333
89436,2017,1,1,야,화,경기도,안성시,차량단독,미상,안전운전 의무 불이행,남,35,1,0,안전모,미착용,,단일로,기타단일로,커브ㆍ곡각 ,우,평지  ,교차로아님,교차로아님,포장,건조,맑음,N,경기도안성시,1,127.281844444444,37.005175
89503,2017,1,10,주,목,서울시,광진구,차량단독,15~,안전운전 의무 불이행,남,50,1,0,안전모,착용,특별광역시도,단일로,기타단일로,직선,직선,평지,교차로아님,교차로아님,포장,건조,흐림,N,서울시광진구,1,127.084533333333,37.5357388888888
89592,2017,1,16,주,토,경상남도,통영시,차대차,15~,안전운전 의무 불이행,남,19,1,0,안전모,착용,일반국도,단일로,기타단일로,직선,직선,평지,교차로아님,교차로아님,포장,건조,맑음,N,경상남도통영시,1,128.435277777777,34.8512583333333
89600,2017,1,19,야,토,충청남도,보령시,차대차,미상,,남,72,1,0.15%~0.19%,안전모,미착용,시도,교차로,교차로내,직선,직선,평지,교차로,교차로 - 삼지,포장,건조,맑음,N,충청남도보령시,1,126.614886111111,36.330575
89614,2017,1,0,야,일,서울시,영등포구,차대차,1~4,신호위반,남,62,1,0.05%~0.09%,안전모,착용,특별광역시도,교차로,교차로내,직선,직선,평지,교차로,교차로 - 사지,포장,건조,맑음,N,서울시영등포구,1,126.898341666666,37.5236111111111
89645,2017,1,6,주,월,경기도,안산시,차대차,15~,신호위반,남,51,1,0,안전모,미착용,지방도,교차로,교차로내,직선,직선,평지,교차로,교차로 - 사지,포장,건조,맑음,N,경기도안산시,1,126.846819444444,37.2985194444444
89653,2017,1,10,주,월,경상북도,울진군,차대차,15~,안전운전 의무 불이행,남,82,1,0,,,군도,단일로,기타단일로,직선,직선,평지,교차로아님,교차로아님,포장,건조,맑음,N,경상북도울진군,1,129.402786111111,36.9901861111111
89716,2017,1,22,야,화,서울시,양천구,차대차,1~4,안전운전 의무 불이행,남,51,1,0,안전모,미착용,특별광역시도,단일로,기타단일로,직선,직선,평지,교차로아님,교차로아님,포장,건조,맑음,N,서울시양천구,1,126.868708333333,37.5142305555555
89800,2017,1,1,야,금,경기도,김포시,차량단독,5~9,안전운전 의무 불이행,남,36,1,0,안전모,착용,,교차로,교차로부근,직선,직선,평지,교차로,교차로 - 사지,포장,건조,맑음,N,경기도김포시,1,126.717777777777,37.6124583333333
89901,2017,1,14,주,일,전라남도,순천시,차대차,15~,중앙선 침범,남,43,1,0,안전모,착용,시도,단일로,기타단일로,커브ㆍ곡각 ,우,내리막,교차로아님,교차로아님,포장,건조,맑음,N,전라남도순천시,1,127.489330555555,34.9476055555555
89919,2017,1,20,야,일,경상북도,경산시,차대차,15~,중앙선 침범,남,73,1,0,안전모,착용,시도,교차로,교차로부근,직선,직선,평지,교차로,교차로 - 삼지,포장,건조,맑음,N,경상북도경산시,1,128.743463888888,35.8220888888888
89930,2017,1,7,주,월,울산시,동구,차대차,15~,중앙선 침범,남,56,1,0,안전모,착용,특별광역시도,단일로,기타단일로,직선,직선,평지,교차로아님,교차로아님,포장,건조,맑음,N,울산시동구,1,129.416691882745,35.5051699632486
89988,2017,1,12,주,화,강원도,원주시,차량단독,미상,안전운전 의무 불이행,남,62,1,0,안전모,미착용,지방도,단일로,기타단일로,직선,직선,평지,교차로아님,교차로아님,포장,건조,맑음,N,강원도원주시,1,127.922055555555,37.3390833333333
90023,2017,1,11,주,수,경상북도,성주군,차대차,15~,안전운전 의무 불이행,남,69,1,0,안전모,미착용,군도,,,직선,직선,평지,교차로아님,교차로아님,포장,건조,맑음,N,경상북도성주군,1,128.285152777777,35.9162111111111
90056,2017,1,5,야,목,경기도,화성시,차량단독,10~14,안전운전 의무 불이행,남,67,1,0.10%~0.14%,안전모,착용,일반국도,교차로,교차로부근,직선,직선,평지,교차로,교차로 - 사지,포장,젖음/습기,안개,N,경기도화성시,1,126.833530555555,37.1968166666666
90207,2017,1,15,주,화,제주시,제주시,차대차,15~,안전운전 의무 불이행,남,73,1,0,안전모,미착용,지방도,,,직선,직선,오르막,교차로아님,교차로아님,포장,건조,맑음,N,제주시제주시,1,126.533208333333,33.4963111111111
90442,2017,2,15,주,수,전라남도,여수시,차량단독,10~14,안전운전 의무 불이행,남,75,1,0,안전모,미착용,시도,단일로,기타단일로,직선,직선,평지,교차로아님,교차로아님,포장,건조,맑음,N,전라남도여수시,1,127.664386111111,34.7573111111111
90480,2017,2,18,야,목,강원도,화천군,차대차,15~,중앙선 침범,남,56,1,0.15%~0.19%,안전모,착용,군도,단일로,기타단일로,커브ㆍ곡각 ,우,오르막,교차로아님,교차로아님,포장,건조,맑음,N,강원도화천군,1,127.710355555555,38.1034083333333
90497,2017,2,0,야,금,서울시,양천구,차량단독,15~,안전운전 의무 불이행,남,35,1,0,안전모,,특별광역시도,단일로,기타단일로,직선,직선,평지,교차로아님,교차로아님,포장,젖음/습기,맑음,N,서울시양천구,1,126.868708333333,37.5142305555555
90514,2017,2,16,주,금,경상남도,창원시,차량단독,15~,안전운전 의무 불이행,남,37,1,0,안전모,착용,시도,단일로,기타단일로,커브ㆍ곡각 ,우,평지  ,교차로아님,교차로아님,포장,건조,맑음,N,경상남도창원시,1,128.6401544,35.2540033
90577,2017,2,20,야,일,서울시,종로구,차량단독,15~,안전운전 의무 불이행,남,53,1,0,안전모,,특별광역시도,교차로,교차로내,직선,직선,내리막,교차로,교차로 - 오지이상,포장,젖음/습기,맑음,N,서울시종로구,1,126.981641666666,37.5703777777777
90682,2017,2,18,야,수,경상북도,상주시,차대차,15~,안전거리 미확보,남,54,1,0,안전모,착용,시도,단일로,기타단일로,직선,직선,평지,교차로아님,교차로아님,포장,건조,맑음,N,경상북도상주시,1,128.161263888888,36.4079694444444
90735,2017,2,5,야,금,경상남도,창원시,차량단독,5~9,안전운전 의무 불이행,남,23,1,0.10%~0.14%,안전모,착용,시도,단일로,기타단일로,커브ㆍ곡각 ,우,평지  ,교차로아님,교차로아님,포장,건조,맑음,N,경상남도창원시,1,128.6401544,35.2540033
90874,2017,2,16,주,월,경기도,화성시,차량단독,15~,안전운전 의무 불이행,남,73,1,0,안전모,미착용,시도,단일로,기타단일로,커브ㆍ곡각 ,좌,평지  ,교차로아님,교차로아님,포장,건조,맑음,N,경기도화성시,1,126.833530555555,37.1968166666666
91058,2017,2,1,야,토,서울시,성동구,차량단독,1~4,안전운전 의무 불이행,남,39,1,0,안전모,착용,특별광역시도,단일로,기타단일로,커브ㆍ곡각 ,우,평지  ,교차로아님,교차로아님,포장,건조,맑음,N,서울시성동구,1,127.039,37.5606111111111
91072,2017,2,16,주,토,전라북도,군산시,차대차,15~,안전운전 의무 불이행,남,47,1,0,안전모,착용,시도,단일로,기타단일로,직선,직선,평지,교차로아님,교차로아님,포장,건조,맑음,N,전라북도군산시,1,126.738844444444,35.9646416666666
91202,2017,2,15,주,수,경기도,시흥시,차대차,15~,안전운전 의무 불이행,남,44,1,0,안전모,,시도,단일로,기타단일로,직선,직선,평지,교차로아님,교차로아님,포장,젖음/습기,비,N,경기도시흥시,1,126.805077777777,37.3773194444444
91378,2017,2,2,야,월,경기도,안양시,차량단독,1~4,안전운전 의무 불이행,남,19,1,0.20%~0.24%,,,시도,단일로,기타단일로,커브ㆍ곡각 ,좌,평지  ,교차로아님,교차로아님,포장,건조,맑음,N,경기도안양시,1,126.953355555555,37.3897
91445,2017,2,11,주,화,경기도,이천시,차량단독,15~,안전운전 의무 불이행,남,75,1,0,안전모,미착용,시도,교차로,교차로부근,직선,직선,평지,교차로,교차로 - 사지,포장,건조,맑음,N,경기도이천시,1,127.443219444444,37.2754361111111
91448,2017,2,12,주,화,제주시,제주시,차대차,15~,교차로 통행방법 위반,남,73,1,0,안전모,착용,지방도,교차로,교차로내,직선,직선,평지,교차로,교차로 - 사지,포장,건조,맑음,N,제주시제주시,1,126.533208333333,33.4963111111111
91514,2017,3,19,야,수,부산시,해운대구,차량단독,미상,안전운전 의무 불이행,남,74,1,0.15%~0.19%,안전모,착용,특별광역시도,단일로,기타단일로,커브ㆍ곡각 ,우,평지  ,교차로아님,교차로아님,포장,건조,맑음,N,부산시해운대구,1,129.165808333333,35.1600194444444
91567,2017,3,2,야,금,인천시,미추홀구,차량단독,15~,안전운전 의무 불이행,남,64,1,0,안전모,착용,특별광역시도,단일로,기타단일로,직선,직선,평지,교차로아님,교차로아님,포장,건조,맑음,N,인천시미추홀구,1,126.650297226959,37.4636916934167
91658,2017,3,23,야,토,경상북도,영천시,차량단독,1~4,안전운전 의무 불이행,남,34,1,0,안전모,미착용,시도,단일로,기타단일로,커브ㆍ곡각 ,좌,평지  ,교차로아님,교차로아님,포장,건조,맑음,N,경상북도영천시,1,128.940775,35.9700527777777
91772,2017,3,1,야,화,경기도,의정부시,차량단독,15~,안전운전 의무 불이행,남,28,1,0.05%~0.09%,안전모,착용,시도,단일로,기타단일로,직선,직선,평지,교차로아님,교차로아님,포장,건조,맑음,N,경기도의정부시,1,127.035841666666,37.7352888888888
91817,2017,3,7,주,수,경상북도,안동시,차대차,15~,안전운전 의무 불이행,남,45,1,0,안전모,착용,지방도,단일로,기타단일로,직선,직선,평지,교차로아님,교차로아님,포장,건조,맑음,N,경상북도안동시,1,128.731622222222,36.5654638888888
91858,2017,3,1,야,목,경기도,성남시,차량단독,15~,안전운전 의무 불이행,남,38,1,0,안전모,착용,시도,단일로,기타단일로,커브ㆍ곡각 ,좌,평지  ,교차로아님,교차로아님,포장,건조,맑음,N,경기도성남시,1,127.147719444444,37.4474916666666
91946,2017,3,22,야,금,부산시,기장군,차량단독,15~,안전운전 의무 불이행,남,30,1,0,안전모,착용,특별광역시도,단일로,기타단일로,커브ㆍ곡각 ,우,오르막,교차로아님,교차로아님,포장,건조,맑음,N,부산시기장군,1,129.222287283017,35.2447754075554
91981,2017,3,15,주,토,충청남도,천안시,차대차,미상,신호위반,남,66,1,0,안전모,착용,시도,교차로,교차로내,직선,직선,평지,교차로,교차로 - 삼지,포장,건조,맑음,N,충청남도천안시,1,127.152466666666,36.804125