,년,월,시간,주야,요일,시도,시군구,사고유형_대분류,면허경과년수,가해자법규위반,성별,연령,사망여부,가해자음주농도,보호장구,안전모_착용여부,도로종류,도로형태_대분류,도로형태,도로선형_대분류,도로선형_중분류,도로선형,교차로형태_대분류,교차로형태,노면상태_대분류,노면상태,기상상태,어린이보호구역여부,시도군구,exists,long,lat
92013,2017,3,11,주,일,경상남도,밀양시,차량단독,15~,안전운전 의무 불이행,남,39,1,0,안전모,착용,지방도,단일로,기타단일로,커브ㆍ곡각 ,좌,평지  ,교차로아님,교차로아님,포장,건조,맑음,N,경상남도밀양시,1,128.748944444444,35.5007777777777
92039,2017,3,22,야,일,서울시,성동구,차대차,미상,안전운전 의무 불이행,남,36,1,0,안전모,미착용,특별광역시도,교차로,교차로내,직선,직선,평지,교차로,교차로 - 삼지,포장,건조,맑음,N,서울시성동구,1,127.039,37.5606111111111
92094,2017,3,0,야,화,부산시,수영구,차량단독,5~9,안전운전 의무 불이행,남,25,1,0,안전모,착용,특별광역시도,교차로,교차로부근,커브ㆍ곡각 ,좌,오르막,교차로,교차로 - 삼지,포장,건조,맑음,N,부산시수영구,1,129.115375,35.1424666666666
92170,2017,3,12,주,수,충청남도,서산시,차대차,미상,신호위반,남,83,1,0,안전모,착용,시도,교차로,교차로내,직선,직선,평지,교차로,교차로 - 삼지,포장,건조,맑음,N,충청남도서산시,1,126.452163888888,36.7820972222222
92180,2017,3,14,주,수,서울시,도봉구,차대차,미상,안전운전 의무 불이행,남,36,1,0,,,특별광역시도,교차로,교차로부근,직선,직선,내리막,교차로,교차로 - 사지,포장,건조,맑음,N,서울시도봉구,1,127.049522222222,37.6658333333333
92210,2017,3,23,야,수,경기도,의정부시,차대차,15~,안전거리 미확보,남,41,1,0.10%~0.14%,안전모,,시도,단일로,기타단일로,직선,직선,평지,교차로아님,교차로아님,포장,건조,맑음,N,경기도의정부시,1,127.035841666666,37.7352888888888
92272,2017,3,15,주,금,강원도,춘천시,차대차,1~4,안전운전 의무 불이행,남,20,1,0,안전모,착용,시도,단일로,기타단일로,직선,직선,오르막,교차로아님,교차로아님,포장,건조,맑음,N,강원도춘천시,1,127.732311111111,37.8785416666666
92280,2017,3,19,야,금,충청남도,공주시,차대차,15~,,남,78,1,0,안전모,미착용,시도,교차로,교차로내,직선,직선,평지,교차로,교차로 - 오지이상,포장,건조,맑음,N,충청남도공주시,1,127.121119444444,36.4436138888888
92313,2017,3,6,주,토,경기도,시흥시,차대차,15~,신호위반,남,68,1,0,안전모,미착용,시도,교차로,교차로내,직선,직선,평지,교차로,교차로 - 사지,포장,건조,맑음,N,경기도시흥시,1,126.805077777777,37.3773194444444
92358,2017,3,3,야,일,경상남도,거제시,차량단독,10~14,안전운전 의무 불이행,남,38,1,0,안전모,미착용,시도,단일로,기타단일로,직선,직선,평지,교차로아님,교차로아님,포장,건조,맑음,N,경상남도거제시,1,128.623355555555,34.8773583333333
92511,2017,3,12,주,수,서울시,금천구,차량단독,15~,안전운전 의무 불이행,남,70,1,0,안전모,미착용,특별광역시도,단일로,기타단일로,커브ㆍ곡각 ,우,평지  ,교차로아님,교차로아님,포장,건조,맑음,N,서울시금천구,1,126.904197222222,37.4491083333333
92520,2017,3,14,주,수,인천시,서구,차대차,15~,신호위반,남,65,1,0,안전모,,특별광역시도,교차로,교차로부근,직선,직선,평지,교차로,교차로 - 사지,포장,건조,맑음,N,인천시서구,1,126.675961611619,37.5454637180429
92560,2017,3,13,주,목,충청남도,서산시,차대차,15~,안전운전 의무 불이행,남,65,1,0,안전모,,일반국도,단일로,기타단일로,직선,직선,평지,교차로아님,교차로아님,포장,건조,맑음,N,충청남도서산시,1,126.452163888888,36.7820972222222
92562,2017,3,16,주,목,강원도,인제군,차량단독,15~,안전운전 의무 불이행,남,44,1,0,안전모,착용,일반국도,단일로,교량위,커브ㆍ곡각 ,좌,평지  ,교차로아님,교차로아님,포장,건조,맑음,N,강원도인제군,1,128.172697222222,38.0669722222222
92579,2017,3,21,야,목,경상북도,경산시,차량단독,15~,안전운전 의무 불이행,남,35,1,0,안전모,착용,시도,교차로,교차로부근,커브ㆍ곡각 ,우,평지  ,교차로,교차로 - 삼지,포장,건조,맑음,N,경상북도경산시,1,128.743463888888,35.8220888888888
92704,2017,3,10,주,일,충청북도,청주시,차대차,15~,신호위반,남,77,1,0,안전모,착용,시도,교차로,교차로내,직선,직선,평지,교차로,교차로 - 사지,포장,건조,맑음,N,충청북도청주시,1,127.511730555555,36.5839972222222
92728,2017,3,21,야,일,충청남도,서천군,차량단독,1~4,안전운전 의무 불이행,남,67,1,0.15%~0.19%,안전모,착용,일반국도,단일로,기타단일로,직선,직선,내리막,교차로아님,교차로아님,포장,건조,맑음,N,충청남도서천군,1,126.693888888888,36.0774055555555
92749,2017,3,16,주,월,경상남도,김해시,차대차,15~,신호위반,남,66,1,0,안전모,착용,일반국도,교차로,교차로내,커브ㆍ곡각 ,우,평지  ,교차로,교차로 - 사지,포장,건조,맑음,N,경상남도김해시,1,128.891666666666,35.2255055555555
92865,2017,3,0,야,목,대전시,유성구,차대차,15~,신호위반,남,40,1,0.15%~0.19%,안전모,미착용,특별광역시도,교차로,교차로내,직선,직선,평지,교차로,교차로 - 오지이상,포장,건조,맑음,N,대전시유성구,1,127.356136301599,36.3640558639158
93002,2017,4,9,주,일,전라남도,곡성군,차량단독,미상,안전운전 의무 불이행,남,53,1,0.15%~0.19%,안전모,,군도,단일로,기타단일로,직선,직선,평지,교차로아님,교차로아님,포장,건조,맑음,N,전라남도곡성군,1,127.294108333333,35.2789555555555
93121,2017,4,23,야,화,경상북도,포항시,차대차,미상,중앙선 침범,남,24,1,0.15%~0.19%,안전모,미착용,시도,단일로,기타단일로,커브ㆍ곡각 ,좌,오르막,교차로아님,교차로아님,포장,건조,맑음,N,경상북도포항시,1,129.361666666666,36.0056861111111
93222,2017,4,15,주,금,충청남도,아산시,차량단독,15~,안전운전 의무 불이행,남,38,1,0,안전모,착용,시도,단일로,기타단일로,커브ㆍ곡각 ,우,내리막,교차로아님,교차로아님,포장,건조,맑음,N,충청남도아산시,1,127.004641666666,36.7871055555555
93233,2017,4,19,야,금,경기도,광명시,차대차,15~,안전거리 미확보,남,53,1,0,안전모,착용,시도,단일로,터널안,,,,교차로아님,교차로아님,포장,건조,맑음,N,경기도광명시,1,126.866708333333,37.47575
93254,2017,4,5,야,토,경기도,파주시,차량단독,미상,안전운전 의무 불이행,남,33,1,0,안전모,미착용,시도,단일로,기타단일로,직선,직선,내리막,교차로아님,교차로아님,포장,건조,맑음,N,경기도파주시,1,126.781952777777,37.7570833333333
93264,2017,4,11,주,토,충청북도,충주시,차대차,15~,신호위반,남,78,1,0,안전모,,시도,교차로,교차로내,직선,직선,평지,교차로,교차로 - 사지,포장,건조,맑음,N,충청북도충주시,1,127.928144444444,36.9881805555555
93329,2017,4,17,주,일,경상북도,칠곡군,차량단독,15~,안전운전 의무 불이행,남,59,1,0,안전모,착용,일반국도,단일로,기타단일로,직선,직선,평지,교차로아님,교차로아님,포장,건조,맑음,N,경상북도칠곡군,1,128.403797222222,35.9925472222222
93419,2017,4,9,주,화,경기도,평택시,차대차,5~9,,남,74,1,0,안전모,착용,시도,단일로,기타단일로,직선,직선,오르막,교차로아님,교차로아님,포장,건조,맑음,N,경기도평택시,1,127.114655555555,36.9894388888888
93422,2017,4,12,주,화,전라북도,정읍시,차대차,15~,신호위반,남,71,1,0,안전모,착용,지방도,교차로,교차로내,직선,직선,평지,교차로,교차로 - 사지,포장,건조,맑음,N,전라북도정읍시,1,126.858111111111,35.5668722222222
93442,2017,4,18,야,화,광주시,동구,차대차,15~,중앙선 침범,남,19,1,0,안전모,미착용,특별광역시도,단일로,기타단일로,직선,직선,평지,교차로아님,교차로아님,포장,건조,맑음,N,광주시동구,1,126.923090311574,35.1462777551683
93531,2017,4,16,주,목,경상남도,함안군,차량단독,15~,안전운전 의무 불이행,남,69,1,0,안전모,,군도,교차로,교차로부근,직선,직선,평지,교차로,교차로 - 삼지,포장,건조,맑음,N,경상남도함안군,1,128.408708333333,35.2694055555555
93539,2017,4,17,주,목,대전시,서구,차량단독,15~,안전운전 의무 불이행,남,63,1,0,안전모,착용,특별광역시도,교차로,교차로내,직선,직선,평지,교차로,교차로 - 사지,포장,건조,맑음,N,대전시서구,1,127.383415811453,36.3570729893642
93554,2017,4,8,주,금,경기도,평택시,차대차,5~9,교차로 통행방법 위반,남,75,1,0,안전모,착용,시도,교차로,교차로내,직선,직선,평지,교차로,교차로 - 삼지,포장,건조,맑음,N,경기도평택시,1,127.114655555555,36.9894388888888
93573,2017,4,13,주,금,전라북도,진안군,차대차,미상,안전운전 의무 불이행,남,88,1,0,안전모,,일반국도,교차로,교차로부근,직선,직선,평지,교차로,교차로 - 삼지,포장,건조,맑음,N,전라북도진안군,1,127.426966666666,35.7887194444444
93639,2017,4,18,야,토,경상남도,김해시,차량단독,미상,안전운전 의무 불이행,남,45,1,0.10%~0.14%,안전모,착용,일반국도,단일로,기타단일로,커브ㆍ곡각 ,좌,평지  ,교차로아님,교차로아님,포장,건조,맑음,N,경상남도김해시,1,128.891666666666,35.2255055555555
93672,2017,4,5,야,일,부산시,부산진구,차량단독,5~9,안전운전 의무 불이행,남,26,1,0,안전모,,특별광역시도,단일로,기타단일로,직선,직선,평지,교차로아님,교차로아님,포장,건조,맑음,N,부산시부산진구,1,129.055319444444,35.1599527777777
93683,2017,4,13,주,일,경기도,양평군,차대차,15~,과속,남,35,1,0,안전모,착용,일반국도,단일로,기타단일로,직선,직선,평지,교차로아님,교차로아님,포장,건조,맑음,N,경기도양평군,1,127.489886111111,37.4889361111111
93826,2017,4,14,주,수,경기도,양평군,차대차,5~9,중앙선 침범,남,23,1,0,안전모,착용,일반국도,단일로,기타단일로,커브ㆍ곡각 ,우,오르막,교차로아님,교차로아님,포장,건조,맑음,N,경기도양평군,1,127.489886111111,37.4889361111111
94007,2017,4,19,야,토,충청북도,청주시,차대차,15~,중앙선 침범,남,37,1,0,안전모,착용,일반국도,단일로,기타단일로,커브ㆍ곡각 ,우,오르막,교차로아님,교차로아님,포장,건조,맑음,N,충청북도청주시,1,127.511730555555,36.5839972222222
94094,2017,4,11,주,월,경상남도,합천군,차량단독,15~,안전운전 의무 불이행,남,71,1,0,안전모,착용,군도,단일로,기타단일로,직선,직선,평지,교차로아님,교차로아님,포장,건조,맑음,N,경상남도합천군,1,128.167930555555,35.5636166666666
94106,2017,4,19,야,월,경상북도,칠곡군,차량단독,15~,안전운전 의무 불이행,남,72,1,0.20%~0.24%,안전모,,군도,단일로,기타단일로,직선,직선,평지,교차로아님,교차로아님,포장,건조,맑음,N,경상북도칠곡군,1,128.403797222222,35.9925472222222
94112,2017,4,20,야,월,인천시,남동구,차량단독,1~4,안전운전 의무 불이행,남,40,1,0,안전모,착용,특별광역시도,단일로,기타단일로,커브ㆍ곡각 ,좌,평지  ,교차로아님,교차로아님,포장,건조,맑음,N,인천시남동구,1,126.730966889481,37.4497106167382
94228,2017,4,5,야,목,충청남도,논산시,차대차,5~9,신호위반,남,80,1,0,안전모,착용,시도,교차로,교차로내,직선,직선,평지,교차로,교차로 - 사지,포장,건조,맑음,N,충청남도논산시,1,127.100911111111,36.1842027777777
94229,2017,4,6,주,목,충청남도,청양군,차대차,15~,,남,59,1,0,안전모,미착용,군도,교차로,교차로내,직선,직선,평지,교차로,교차로 - 사지,포장,건조,맑음,N,충청남도청양군,1,126.804255555555,36.4562694444444
94230,2017,4,7,주,목,부산시,사하구,차대차,15~,신호위반,남,74,1,0,안전모,착용,특별광역시도,교차로,교차로내,직선,직선,평지,교차로,교차로 - 사지,포장,건조,맑음,N,부산시사하구,1,128.977041666666,35.1014277777777
94248,2017,4,16,주,목,울산시,울주군,차량단독,미상,안전운전 의무 불이행,남,56,1,0,안전모,착용,특별광역시도,교차로,교차로부근,직선,직선,평지,교차로,교차로 - 사지,포장,건조,맑음,N,울산시울주군,1,129.242474811581,35.5223064790022
94292,2017,4,9,주,금,부산시,해운대구,차량단독,15~,안전운전 의무 불이행,여,57,1,0,안전모,착용,특별광역시도,단일로,기타단일로,직선,직선,평지,교차로아님,교차로아님,포장,,맑음,N,부산시해운대구,1,129.165808333333,35.1600194444444
94343,2017,4,23,야,금,인천시,남동구,차대차,15~,신호위반,남,49,1,0,안전모,착용,특별광역시도,교차로,교차로내,직선,직선,평지,교차로,교차로 - 사지,포장,건조,맑음,N,인천시남동구,1,126.730966889481,37.4497106167382
94371,2017,4,12,주,토,전라남도,해남군,차대차,15~,중앙선 침범,남,83,1,0,안전모,미착용,군도,교차로,교차로부근,직선,직선,평지,교차로,교차로 - 사지,포장,건조,맑음,N,전라남도해남군,1,126.601288888888,34.5704361111111
94390,2017,4,18,야,토,서울시,강남구,차량단독,15~,안전운전 의무 불이행,남,62,1,0,안전모,착용,특별광역시도,단일로,터널안,커브ㆍ곡각 ,우,평지  ,교차로아님,교차로아님,포장,건조,맑음,N,서울시강남구,1,127.049555555555,37.514575
94417,2017,4,10,주,일,경상북도,경주시,차대차,10~14,중앙선 침범,남,32,1,0,,,일반국도,단일로,기타단일로,직선,직선,평지,교차로아님,교차로아님,포장,건조,맑음,N,경상북도경주시,1,129.227022222222,35.8531694444444
94492,2017,5,17,주,월,충청남도,아산시,차량단독,15~,안전운전 의무 불이행,남,41,1,0,안전모,,일반국도,교차로,교차로내,커브ㆍ곡각 ,좌,내리막,교차로,교차로 - 회전,포장,건조,맑음,N,충청남도아산시,1,127.004641666666,36.7871055555555
94572,2017,5,0,야,수,서울시,용산구,차량단독,15~,안전운전 의무 불이행,남,25,1,0,안전모,착용,특별광역시도,단일로,기타단일로,커브ㆍ곡각 ,우,평지  ,교차로아님,교차로아님,포장,건조,맑음,N,서울시용산구,1,126.967522222222,37.5360944444444
94578,2017,5,3,야,수,대구시,수성구,차량단독,15~,안전운전 의무 불이행,남,32,1,0.25%~0.29%,안전모,,특별광역시도,단일로,교량위,직선,직선,평지,교차로아님,교차로아님,포장,건조,맑음,N,대구시수성구,1,128.632866666666,35.8552083333333
94744,2017,5,4,야,토,서울시,성북구,차량단독,1~4,안전운전 의무 불이행,남,25,1,0,안전모,미착용,특별광역시도,단일로,기타단일로,직선,직선,평지,교차로아님,교차로아님,포장,건조,맑음,N,서울시성북구,1,127.020333333333,37.5863833333333
94752,2017,5,10,주,토,충청북도,영동군,차대차,15~,안전운전 의무 불이행,여,78,1,0,,,지방도,교차로,교차로내,직선,직선,평지,교차로,교차로 - 사지,포장,건조,맑음,N,충청북도영동군,1,127.785611111111,36.1720583333333
94797,2017,5,2,야,일,경기도,용인시,차량단독,1~4,안전운전 의무 불이행,남,39,1,0,안전모,착용,일반국도,단일로,기타단일로,직선,직선,평지,교차로아님,교차로아님,포장,건조,맑음,N,경기도용인시,1,127.203844444444,37.2314777777777
94802,2017,5,8,주,일,경기도,평택시,차대차,미상,신호위반,남,24,1,0,안전모,미착용,일반국도,교차로,교차로내,직선,직선,오르막,교차로,교차로 - 삼지,포장,건조,맑음,N,경기도평택시,1,127.114655555555,36.9894388888888
94838,2017,5,19,야,일,경상북도,경산시,차대차,미상,안전운전 의무 불이행,남,87,1,0,안전모,미착용,시도,단일로,기타단일로,직선,직선,평지,교차로아님,교차로아님,포장,건조,맑음,N,경상북도경산시,1,128.743463888888,35.8220888888888
94847,2017,5,0,야,월,제주시,제주시,차량단독,15~,안전운전 의무 불이행,남,21,1,0,안전모,착용,지방도,교차로,교차로부근,직선,직선,평지,교차로,교차로 - 사지,포장,,맑음,N,제주시제주시,1,126.533208333333,33.4963111111111
94968,2017,5,16,주,수,강원도,속초시,차대차,15~,안전운전 의무 불이행,남,35,1,0,안전모,착용,시도,교차로,교차로내,직선,직선,평지,교차로,교차로 - 삼지,포장,건조,맑음,N,강원도속초시,1,128.594166666666,38.204275
94997,2017,5,9,주,목,경기도,남양주시,차량단독,15~,안전운전 의무 불이행,남,40,1,0,안전모,착용,지방도,단일로,기타단일로,직선,직선,평지,교차로아님,교차로아님,포장,건조,맑음,N,경기도남양주시,1,127.218633333333,37.6331777777777
95004,2017,5,12,주,목,경상북도,성주군,차대차,15~,안전운전 의무 불이행,남,74,1,0,,,일반국도,단일로,교량위,직선,직선,평지,교차로아님,교차로아님,포장,건조,맑음,N,경상북도성주군,1,128.285152777777,35.9162111111111
95012,2017,5,14,주,목,경기도,평택시,차량단독,1~4,안전운전 의무 불이행,남,34,1,0.30%~0.34%,안전모,착용,일반국도,단일로,기타단일로,직선,직선,평지,교차로아님,교차로아님,포장,건조,맑음,N,경기도평택시,1,127.114655555555,36.9894388888888
95022,2017,5,18,야,목,경기도,고양시,차량단독,5~9,안전운전 의무 불이행,남,22,1,0,안전모,착용,지방도,단일로,기타단일로,커브ㆍ곡각 ,우,평지  ,교차로아님,교차로아님,포장,건조,맑음,N,경기도고양시,1,126.777055555555,37.6559083333333
95139,2017,5,22,야,토,경기도,김포시,차량단독,미상,안전운전 의무 불이행,남,52,1,0,안전모,착용,시도,교차로,교차로내,직선,직선,평지,교차로,교차로 - 삼지,포장,건조,맑음,N,경기도김포시,1,126.717777777777,37.6124583333333
95150,2017,5,3,야,일,전라북도,무주군,차량단독,1~4,안전운전 의무 불이행,남,19,1,0,,,군도,단일로,기타단일로,커브ㆍ곡각 ,좌,평지  ,교차로아님,교차로아님,포장,건조,맑음,N,전라북도무주군,1,127.662866666666,36.0038277777777
95160,2017,5,11,주,일,충청북도,충주시,차량단독,15~,안전운전 의무 불이행,남,47,1,0,안전모,착용,일반국도,단일로,기타단일로,커브ㆍ곡각 ,우,내리막,교차로아님,교차로아님,포장,건조,맑음,N,충청북도충주시,1,127.928144444444,36.9881805555555
95240,2017,5,17,주,월,전라북도,남원시,차량단독,15~,안전운전 의무 불이행,남,76,1,0,안전모,미착용,시도,교차로,교차로부근,직선,직선,오르막,교차로,교차로 - 삼지,포장,건조,맑음,N,전라북도남원시,1,127.3925,35.4132555555555
95278,2017,5,10,주,화,강원도,인제군,차대차,10~14,안전운전 의무 불이행,남,78,1,0,안전모,착용,군도,단일로,기타단일로,직선,직선,평지,교차로아님,교차로아님,포장,건조,맑음,N,강원도인제군,1,128.172697222222,38.0669722222222
95295,2017,5,17,주,화,충청남도,당진시,차대차,미상,중앙선 침범,남,58,1,0.20%~0.24%,안전모,착용,지방도,단일로,기타단일로,커브ㆍ곡각 ,좌,평지  ,교차로아님,교차로아님,포장,건조,맑음,N,충청남도당진시,1,126.630252777777,36.89075
95336,2017,5,12,주,수,경기도,화성시,차량단독,15~,안전운전 의무 불이행,남,80,1,0,안전모,착용,시도,단일로,기타단일로,직선,직선,평지,교차로아님,교차로아님,포장,,맑음,N,경기도화성시,1,126.833530555555,37.1968166666666
95427,2017,5,19,야,목,강원도,횡성군,차대차,15~,안전운전 의무 불이행,남,57,1,0,안전모,미착용,군도,교차로,교차로내,직선,직선,평지,교차로,교차로 - 삼지,포장,건조,맑음,N,강원도횡성군,1,127.987222222222,37.4889583333333
95454,2017,5,6,주,금,경기도,안성시,차대차,1~4,안전거리 미확보,남,50,1,0,안전모,착용,시도,단일로,기타단일로,직선,직선,평지,교차로아님,교차로아님,포장,건조,맑음,N,경기도안성시,1,127.281844444444,37.005175
95495,2017,5,19,야,금,충청남도,당진시,차대차,15~,중앙선 침범,남,75,1,0.15%~0.19%,안전모,미착용,지방도,단일로,기타단일로,직선,직선,평지,교차로아님,교차로아님,포장,건조,맑음,N,충청남도당진시,1,126.630252777777,36.89075
95596,2017,5,13,주,일,강원도,양구군,차량단독,15~,안전운전 의무 불이행,남,69,1,0,안전모,착용,군도,단일로,기타단일로,커브ㆍ곡각 ,좌,내리막,교차로아님,교차로아님,포장,건조,맑음,N,강원도양구군,1,127.992244444444,38.1072916666666
95599,2017,5,13,주,일,경기도,포천시,차량단독,10~14,안전운전 의무 불이행,남,47,1,0.05%~0.09%,안전모,착용,지방도,단일로,기타단일로,직선,직선,평지,교차로아님,교차로아님,포장,건조,맑음,N,경기도포천시,1,127.202419444444,37.8921555555555
95602,2017,5,14,주,일,경상북도,구미시,차량단독,15~,안전운전 의무 불이행,남,74,1,0,안전모,미착용,시도,교차로,교차로부근,직선,직선,평지,교차로,교차로 - 삼지,포장,건조,맑음,N,경상북도구미시,1,128.346777777777,36.11655
95623,2017,5,20,야,일,서울시,성북구,차량단독,15~,안전운전 의무 불이행,남,19,1,0,안전모,착용,특별광역시도,단일로,기타단일로,커브ㆍ곡각 ,우,평지  ,교차로아님,교차로아님,포장,건조,맑음,N,서울시성북구,1,127.020333333333,37.5863833333333
95702,2017,5,2,야,화,충청북도,충주시,차량단독,1~4,안전운전 의무 불이행,남,18,1,0,안전모,,,교차로,교차로부근,직선,직선,내리막,교차로,교차로 - 삼지,포장,건조,맑음,N,충청북도충주시,1,127.928144444444,36.9881805555555
95728,2017,5,15,주,화,전라남도,보성군,차량단독,15~,안전운전 의무 불이행,남,80,1,0,안전모,미착용,군도,단일로,기타단일로,커브ㆍ곡각 ,좌,오르막,교차로아님,교차로아님,포장,건조,맑음,N,전라남도보성군,1,127.082088888888,34.7683333333333
95755,2017,5,4,야,수,경상남도,창원시,차대차,15~,신호위반,남,78,1,0,안전모,착용,시도,교차로,교차로내,직선,직선,평지,교차로,교차로 - 사지,포장,건조,맑음,N,경상남도창원시,1,128.6401544,35.2540033
95763,2017,5,9,주,수,경상북도,청도군,차대차,15~,안전운전 의무 불이행,남,70,1,0,안전모,착용,일반국도,교차로,교차로부근,직선,직선,평지,교차로,교차로 - 사지,포장,건조,흐림,N,경상북도청도군,1,128.7362,35.6443111111111
95797,2017,5,23,야,수,서울시,송파구,차대차,1~4,안전운전 의무 불이행,남,25,1,0.05%~0.09%,안전모,미착용,특별광역시도,단일로,기타단일로,직선,직선,오르막,교차로아님,교차로아님,포장,건조,맑음,N,서울시송파구,1,127.107930555555,37.5117555555555
95808,2017,5,8,주,목,전라북도,장수군,차대차,5~9,중앙선 침범,남,71,1,0,안전모,착용,군도,단일로,기타단일로,커브ㆍ곡각 ,좌,오르막,교차로아님,교차로아님,포장,건조,맑음,N,전라북도장수군,1,127.5233,35.6442972222222
95930,2017,5,23,야,금,경상북도,구미시,차대차,1~4,안전운전 의무 불이행,남,26,1,0.05%~0.09%,안전모,착용,일반국도,단일로,기타단일로,직선,직선,평지,교차로아님,교차로아님,포장,건조,맑음,N,경상북도구미시,1,128.346777777777,36.11655
96031,2017,5,18,야,일,서울시,광진구,차대차,5~9,안전운전 의무 불이행,남,50,1,0,안전모,착용,특별광역시도,단일로,기타단일로,직선,직선,평지,교차로아님,교차로아님,포장,건조,맑음,N,서울시광진구,1,127.084533333333,37.5357388888888
96161,2017,5,11,주,수,경기도,용인시,차대차,15~,신호위반,남,73,1,0,안전모,착용,지방도,교차로,교차로내,직선,직선,평지,교차로,교차로 - 사지,포장,건조,맑음,N,경기도용인시,1,127.203844444444,37.2314777777777
96181,2017,5,17,주,수,강원도,춘천시,차대차,1~4,교차로 통행방법 위반,남,30,1,0,안전모,착용,시도,교차로,교차로내,직선,직선,내리막,교차로,교차로 - 사지,포장,건조,맑음,N,강원도춘천시,1,127.732311111111,37.8785416666666
96308,2017,6,5,야,토,경상북도,상주시,차대차,15~,교차로 통행방법 위반,남,70,1,0,안전모,미착용,시도,교차로,교차로내,직선,직선,평지,교차로,교차로 - 사지,포장,건조,맑음,N,경상북도상주시,1,128.161263888888,36.4079694444444
96311,2017,6,6,주,토,제주시,서귀포시,차대차,1~4,안전운전 의무 불이행,남,55,1,0,안전모,미착용,지방도,단일로,기타단일로,직선,직선,평지,교차로아님,교차로아님,포장,건조,맑음,N,제주시서귀포시,1,126.512555555555,33.25235
96332,2017,6,15,주,토,충청남도,보령시,차대차,15~,중앙선 침범,여,51,1,0,안전모,착용,지방도,단일로,기타단일로,커브ㆍ곡각 ,우,평지  ,교차로아님,교차로아님,포장,건조,맑음,N,충청남도보령시,1,126.614886111111,36.330575
96374,2017,6,8,주,일,충청북도,진천군,차량단독,미상,안전운전 의무 불이행,남,49,1,0.20%~0.24%,안전모,착용,,단일로,기타단일로,직선,직선,평지,교차로아님,교차로아님,포장,건조,맑음,N,충청북도진천군,1,127.437644444444,36.8525388888888
96380,2017,6,10,주,일,경상북도,청송군,차량단독,5~9,안전운전 의무 불이행,남,36,1,0,안전모,착용,일반국도,단일로,기타단일로,커브ㆍ곡각 ,좌,오르막,교차로아님,교차로아님,포장,건조,맑음,N,경상북도청송군,1,129.0594,36.4332916666666
96383,2017,6,11,주,일,강원도,인제군,차량단독,1~4,안전운전 의무 불이행,남,36,1,0,안전모,착용,지방도,단일로,기타단일로,커브ㆍ곡각 ,우,평지  ,교차로아님,교차로아님,포장,건조,맑음,N,강원도인제군,1,128.172697222222,38.0669722222222
96386,2017,6,13,주,일,강원도,인제군,차대차,5~9,안전운전 의무 불이행,남,34,1,0,안전모,착용,일반국도,교차로,교차로부근,커브ㆍ곡각 ,우,내리막,교차로,교차로 - 삼지,포장,건조,맑음,N,강원도인제군,1,128.172697222222,38.0669722222222
96401,2017,6,17,주,일,경기도,의정부시,차대차,미상,중앙선 침범,남,37,1,0,안전모,미착용,일반국도,교차로,교차로부근,직선,직선,평지,교차로,교차로 - 삼지,포장,건조,맑음,N,경기도의정부시,1,127.035841666666,37.7352888888888
96402,2017,6,18,야,일,강원도,양양군,차량단독,15~,안전운전 의무 불이행,남,36,1,0,안전모,착용,일반국도,단일로,기타단일로,커브ㆍ곡각 ,좌,내리막,교차로아님,교차로아님,포장,건조,맑음,N,강원도양양군,1,128.621355555555,38.0728333333333
96435,2017,6,9,주,월,경기도,의정부시,차량단독,10~14,안전운전 의무 불이행,남,56,1,0,안전모,착용,시도,,,직선,직선,평지,교차로아님,교차로아님,포장,건조,맑음,N,경기도의정부시,1,127.035841666666,37.7352888888888
96615,2017,6,20,야,목,경상북도,경산시,차량단독,미상,안전운전 의무 불이행,남,56,1,0,안전모,,시도,단일로,기타단일로,커브ㆍ곡각 ,우,평지  ,교차로아님,교차로아님,포장,건조,맑음,N,경상북도경산시,1,128.743463888888,35.8220888888888
96626,2017,6,1,야,금,서울시,강남구,차대차,5~9,신호위반,남,25,1,0,안전모,미착용,특별광역시도,교차로,교차로내,커브ㆍ곡각 ,우,오르막,교차로,교차로 - 사지,포장,건조,맑음,N,서울시강남구,1,127.049555555555,37.514575
96709,2017,6,13,주,토,경상북도,경산시,차량단독,10~14,안전운전 의무 불이행,남,32,1,0,안전모,착용,시도,단일로,기타단일로,직선,직선,평지,교차로아님,교차로아님,포장,건조,맑음,N,경상북도경산시,1,128.743463888888,35.8220888888888
96771,2017,6,17,주,일,경기도,안산시,차대차,1~4,과속,남,18,1,0,안전모,착용,지방도,단일로,기타단일로,직선,직선,평지,교차로아님,교차로아님,포장,건조,맑음,N,경기도안산시,1,126.846819444444,37.2985194444444
96794,2017,6,8,주,월,경상남도,창원시,차대차,15~,안전운전 의무 불이행,남,67,1,0,안전모,착용,시도,교차로,교차로내,직선,직선,오르막,교차로,교차로 - 오지이상,포장,건조,맑음,N,경상남도창원시,1,128.6401544,35.2540033
96800,2017,6,10,주,월,충청남도,천안시,차량단독,미상,안전운전 의무 불이행,남,74,1,0,안전모,착용,시도,단일로,기타단일로,커브ㆍ곡각 ,좌,평지  ,교차로아님,교차로아님,포장,건조,맑음,N,충청남도천안시,1,127.152466666666,36.804125