,년,월,시간,주야,요일,시도,시군구,사고유형_대분류,면허경과년수,가해자법규위반,성별,연령,사망여부,가해자음주농도,보호장구,안전모_착용여부,도로종류,도로형태_대분류,도로형태,도로선형_대분류,도로선형_중분류,도로선형,교차로형태_대분류,교차로형태,노면상태_대분류,노면상태,기상상태,어린이보호구역여부,시도군구,exists,long,lat
107460,2017,12,19,야,수,충청남도,아산시,차대차,1~4,신호위반,남,18,1,0,안전모,미착용,시도,교차로,교차로내,직선,직선,평지,교차로,교차로 - 사지,포장,건조,맑음,N,충청남도아산시,1,127.004641666666,36.7871055555555
107594,2017,12,12,주,일,경상북도,경산시,차대차,15~,교차로 통행방법 위반,남,80,1,0,안전모,착용,시도,교차로,교차로부근,직선,직선,평지,교차로,교차로 - 삼지,포장,건조,맑음,N,경상북도경산시,1,128.743463888888,35.8220888888888
107931,2018,1,20,야,수,경기도,성남시,차대차,1~4,신호위반,남,22,1,0,안전모,미착용,시도,교차로,교차로내,직선,직선,평지,교차로,교차로 - 삼지,포장,건조,맑음,N,경기도성남시,1,127.147719444444,37.4474916666666
107953,2018,1,5,야,목,부산시,사상구,차량단독,15~,안전운전 의무 불이행,남,21,1,0,,,특별광역시도,단일로,터널안,직선,직선,평지,교차로아님,교차로아님,포장,건조,맑음,N,부산시사상구,1,128.993333333333,35.1494666666666
108133,2018,1,6,주,화,경상북도,경주시,차대차,15~,안전운전 의무 불이행,남,58,1,0,안전모,,일반국도,단일로,기타단일로,직선,직선,평지,교차로아님,교차로아님,포장,건조,맑음,N,경상북도경주시,1,129.227022222222,35.8531694444444
108202,2018,1,22,야,수,부산시,사상구,차대차,5~9,중앙선 침범,남,52,1,0.15%~0.19%,안전모,착용,특별광역시도,단일로,기타단일로,직선,직선,오르막,교차로아님,교차로아님,포장,젖음/습기,흐림,N,부산시사상구,1,128.993333333333,35.1494666666666
108239,2018,1,2,야,금,인천시,계양구,차량단독,5~9,안전운전 의무 불이행,남,30,1,0,안전모,착용,특별광역시도,단일로,기타단일로,커브ㆍ곡각 ,우,평지  ,교차로아님,교차로아님,포장,건조,맑음,N,인천시계양구,1,126.737743998125,37.5377072788857
108325,2018,1,16,주,일,부산시,부산진구,차대차,10~14,,남,50,1,0,안전모,착용,특별광역시도,단일로,기타단일로,직선,직선,평지,교차로아님,교차로아님,포장,건조,맑음,N,부산시부산진구,1,129.055319444444,35.1599527777777
108345,2018,1,10,주,월,전라북도,남원시,차대차,15~,안전운전 의무 불이행,남,83,1,0,안전모,착용,시도,단일로,기타단일로,직선,직선,평지,교차로아님,교차로아님,포장,건조,맑음,N,전라북도남원시,1,127.3925,35.4132555555555
108586,2018,1,14,주,월,경상북도,의성군,차대차,15~,안전운전 의무 불이행,남,76,1,0,안전모,착용,군도,교차로,교차로부근,직선,직선,평지,교차로,교차로 - 삼지,포장,건조,맑음,N,경상북도의성군,1,128.699363888888,36.3497583333333
108670,2018,2,8,주,목,충청남도,아산시,차량단독,15~,안전운전 의무 불이행,남,61,1,0,안전모,착용,지방도,단일로,기타단일로,직선,직선,평지,교차로아님,교차로아님,포장,건조,맑음,N,충청남도아산시,1,127.004641666666,36.7871055555555
108793,2018,2,8,주,일,인천시,중구,차대차,15~,안전운전 의무 불이행,남,49,1,0,안전모,착용,특별광역시도,교차로,교차로내,직선,직선,평지,교차로,교차로 - 삼지,포장,건조,맑음,N,인천시중구,1,126.621761699973,37.4738484305043
108932,2018,2,9,주,목,경상남도,통영시,차대차,15~,안전운전 의무 불이행,여,50,1,0,안전모,착용,시도,단일로,기타단일로,직선,직선,평지,교차로아님,교차로아님,포장,건조,맑음,N,경상남도통영시,1,128.435277777777,34.8512583333333
108976,2018,2,0,야,금,경기도,화성시,차량단독,15~,안전운전 의무 불이행,남,51,1,0,안전모,미착용,지방도,단일로,기타단일로,직선,직선,평지,교차로아님,교차로아님,포장,건조,맑음,N,경기도화성시,1,126.833530555555,37.1968166666666
109038,2018,2,15,주,토,경상북도,상주시,철길건널목,15~,,남,77,1,0,안전모,착용,시도,철길건널목,철길건널목,직선,직선,평지,교차로아님,교차로아님,포장,건조,맑음,N,경상북도상주시,1,128.161263888888,36.4079694444444
109213,2018,2,2,야,목,충청남도,천안시,차대차,10~14,안전운전 의무 불이행,남,39,1,0.10%~0.14%,안전모,,시도,교차로,교차로부근,직선,직선,평지,교차로,교차로 - 사지,포장,건조,맑음,N,충청남도천안시,1,127.152466666666,36.804125
109243,2018,2,11,주,금,경상남도,함안군,차량단독,15~,안전운전 의무 불이행,남,81,1,0,안전모,착용,군도,단일로,교량위,커브ㆍ곡각 ,좌,평지  ,교차로아님,교차로아님,포장,건조,맑음,N,경상남도함안군,1,128.408708333333,35.2694055555555
109307,2018,2,9,주,월,대구시,달성군,차량단독,5~9,안전운전 의무 불이행,남,61,1,0,안전모,착용,특별광역시도,단일로,기타단일로,커브ㆍ곡각 ,좌,오르막,교차로아님,교차로아님,포장,건조,맑음,N,대구시달성군,1,128.431399499941,35.7747502893017
109415,2018,2,18,야,목,부산시,사상구,차대차,미상,안전운전 의무 불이행,남,29,1,0,안전모,착용,특별광역시도,교차로,교차로부근,직선,직선,오르막,교차로,교차로 - 삼지,포장,건조,맑음,N,부산시사상구,1,128.993333333333,35.1494666666666
109498,2018,2,20,야,토,전라북도,전주시,차대차,1~4,안전운전 의무 불이행,남,18,1,0,안전모,미착용,시도,단일로,기타단일로,직선,직선,평지,교차로아님,교차로아님,포장,건조,맑음,N,전라북도전주시,1,127.121919444444,35.8091888888888
109508,2018,2,3,야,일,대구시,서구,차대차,1~4,신호위반,남,25,1,0,안전모,착용,특별광역시도,교차로,교차로내,직선,직선,평지,교차로,교차로 - 사지,포장,건조,맑음,N,대구시서구,1,128.559160069259,35.8719405397309
109517,2018,2,13,주,일,충청남도,부여군,차량단독,15~,안전운전 의무 불이행,남,83,1,0,안전모,,지방도,단일로,기타단일로,커브ㆍ곡각 ,좌,내리막,교차로아님,교차로아님,포장,건조,맑음,N,충청남도부여군,1,126.911863888888,36.2728222222222
109611,2018,2,12,주,화,대구시,수성구,차량단독,15~,안전운전 의무 불이행,남,36,1,0,안전모,착용,특별광역시도,단일로,기타단일로,직선,직선,평지,교차로아님,교차로아님,포장,건조,맑음,N,대구시수성구,1,128.632866666666,35.8552083333333
109691,2018,3,14,주,목,경상북도,울진군,차량단독,미상,안전운전 의무 불이행,남,60,1,0,안전모,미착용,지방도,단일로,기타단일로,직선,직선,평지,교차로아님,교차로아님,포장,건조,맑음,N,경상북도울진군,1,129.402786111111,36.9901861111111
109726,2018,3,10,주,금,경상북도,포항시,차대차,미상,신호위반,남,83,1,0,안전모,착용,시도,교차로,교차로내,직선,직선,평지,교차로,교차로 - 사지,포장,건조,맑음,N,경상북도포항시,1,129.361666666666,36.0056861111111
109751,2018,3,19,야,금,경기도,광주시,차대차,5~9,신호위반,남,22,1,0,안전모,미착용,일반국도,교차로,교차로부근,직선,직선,평지,교차로,교차로 - 사지,포장,건조,맑음,N,경기도광주시,1,127.257786111111,37.4145055555555
109765,2018,3,2,야,토,울산시,북구,차량단독,15~,안전운전 의무 불이행,남,23,1,0.05%~0.09%,안전모,착용,특별광역시도,단일로,기타단일로,직선,직선,평지,교차로아님,교차로아님,포장,건조,맑음,N,울산시북구,1,129.361244971292,35.5827078312412
109767,2018,3,4,야,토,경상북도,포항시,차량단독,미상,안전운전 의무 불이행,남,19,1,0,안전모,,시도,단일로,기타단일로,직선,직선,평지,교차로아님,교차로아님,포장,건조,맑음,N,경상북도포항시,1,129.361666666666,36.0056861111111
109808,2018,3,17,주,일,강원도,평창군,차대차,15~,중앙선 침범,남,60,1,0,안전모,착용,일반국도,단일로,기타단일로,커브ㆍ곡각 ,우,내리막,교차로아님,교차로아님,포장,건조,맑음,N,강원도평창군,1,128.392352777777,37.3679166666666
109867,2018,3,2,야,화,충청남도,서산시,차대차,15~,안전운전 의무 불이행,남,73,1,0.10%~0.14%,안전모,미착용,시도,단일로,기타단일로,직선,직선,평지,교차로아님,교차로아님,포장,건조,흐림,N,충청남도서산시,1,126.452163888888,36.7820972222222
110079,2018,3,3,야,일,서울시,성동구,차대차,15~,중앙선 침범,남,24,1,0,안전모,착용,특별광역시도,단일로,기타단일로,직선,직선,평지,교차로아님,교차로아님,포장,건조,맑음,N,서울시성동구,1,127.039,37.5606111111111
110082,2018,3,6,주,일,전라북도,김제시,차대차,미상,안전거리 미확보,남,66,1,0,안전모,착용,일반국도,단일로,기타단일로,커브ㆍ곡각 ,좌,평지  ,교차로아님,교차로아님,포장,건조,맑음,N,전라북도김제시,1,126.882752777777,35.8005749999999
110125,2018,3,8,주,월,경기도,안양시,차대차,미상,,남,76,1,0,안전모,착용,시도,단일로,기타단일로,직선,직선,평지,교차로아님,교차로아님,포장,건조,맑음,N,경기도안양시,1,126.953355555555,37.3897
110227,2018,3,14,주,수,경기도,양평군,차량단독,15~,안전운전 의무 불이행,남,74,1,0,안전모,착용,일반국도,단일로,기타단일로,커브ㆍ곡각 ,좌,평지  ,교차로아님,교차로아님,포장,건조,맑음,N,경기도양평군,1,127.489886111111,37.4889361111111
110268,2018,3,13,주,목,경기도,광명시,차대차,5~9,신호위반,남,63,1,0,안전모,착용,시도,교차로,교차로내,직선,직선,평지,교차로,교차로 - 사지,포장,젖음/습기,비,N,경기도광명시,1,126.866708333333,37.47575
110409,2018,3,17,주,일,서울시,성동구,차량단독,10~14,안전운전 의무 불이행,남,57,1,0.10%~0.14%,안전모,미착용,특별광역시도,단일로,기타단일로,직선,직선,평지,교차로아님,교차로아님,포장,건조,맑음,N,서울시성동구,1,127.039,37.5606111111111
110444,2018,3,18,야,월,경기도,구리시,차대차,1~4,신호위반,남,59,1,0,안전모,착용,일반국도,교차로,교차로내,직선,직선,평지,교차로,교차로 - 사지,포장,건조,맑음,N,경기도구리시,1,127.131863888888,37.591625
110511,2018,3,11,주,수,전라북도,정읍시,차대차,15~,중앙선 침범,남,81,1,0,안전모,착용,시도,단일로,기타단일로,커브ㆍ곡각 ,좌,평지  ,교차로아님,교차로아님,포장,젖음/습기,비,N,전라북도정읍시,1,126.858111111111,35.5668722222222
110552,2018,3,16,주,목,전라북도,순창군,차대차,15~,중앙선 침범,남,88,1,0,안전모,착용,,,,직선,직선,평지,교차로아님,교차로아님,포장,건조,흐림,N,전라북도순창군,1,127.139630555555,35.3713888888888
110558,2018,3,18,야,목,경상북도,경산시,차대차,15~,안전운전 의무 불이행,남,80,1,0,안전모,착용,군도,단일로,기타단일로,직선,직선,평지,교차로아님,교차로아님,포장,건조,맑음,N,경상북도경산시,1,128.743463888888,35.8220888888888
110578,2018,3,23,야,목,울산시,동구,차량단독,15~,안전운전 의무 불이행,남,26,1,0.15%~0.19%,안전모,,특별광역시도,단일로,기타단일로,커브ㆍ곡각 ,우,평지  ,교차로아님,교차로아님,포장,건조,맑음,N,울산시동구,1,129.416691882745,35.5051699632486
110635,2018,3,23,야,금,전라남도,여수시,차대차,1~4,신호위반,남,18,1,0,안전모,미착용,시도,교차로,교차로내,직선,직선,평지,교차로,교차로 - 사지,포장,건조,맑음,N,전라남도여수시,1,127.664386111111,34.7573111111111
110639,2018,3,2,야,토,울산시,동구,차량단독,15~,안전운전 의무 불이행,남,22,1,0,안전모,미착용,특별광역시도,단일로,기타단일로,커브ㆍ곡각 ,좌,오르막,교차로아님,교차로아님,포장,건조,맑음,N,울산시동구,1,129.416691882745,35.5051699632486
110695,2018,3,5,야,일,대구시,달서구,차대차,1~4,신호위반,남,16,1,0,안전모,착용,특별광역시도,교차로,교차로내,직선,직선,평지,교차로,교차로 - 사지,포장,건조,맑음,N,대구시달서구,1,128.532590453916,35.8299774381395
110777,2018,3,1,야,화,경상남도,창원시,차량단독,15~,안전운전 의무 불이행,남,39,1,0,안전모,착용,시도,교차로,교차로내,커브ㆍ곡각 ,좌,평지  ,교차로,교차로 - 사지,포장,건조,맑음,N,경상남도창원시,1,128.6401544,35.2540033
110794,2018,3,15,주,화,강원도,춘천시,차량단독,미상,안전운전 의무 불이행,남,80,1,0,안전모,미착용,,단일로,기타단일로,직선,직선,평지,교차로아님,교차로아님,포장,건조,맑음,N,강원도춘천시,1,127.732311111111,37.8785416666666
110797,2018,3,15,주,화,경상남도,하동군,차대차,1~4,중앙선 침범,남,61,1,0,안전모,착용,일반국도,단일로,기타단일로,직선,직선,오르막,교차로아님,교차로아님,포장,건조,맑음,N,경상남도하동군,1,127.753430555555,35.0642027777777
110871,2018,3,0,야,목,경상북도,경산시,차량단독,1~4,안전운전 의무 불이행,남,25,1,0,안전모,착용,시도,단일로,기타단일로,직선,직선,내리막,교차로아님,교차로아님,포장,건조,맑음,N,경상북도경산시,1,128.743463888888,35.8220888888888
110881,2018,3,9,주,목,경기도,파주시,차량단독,10~14,안전운전 의무 불이행,남,37,1,0,안전모,착용,지방도,단일로,기타단일로,커브ㆍ곡각 ,좌,평지  ,교차로아님,교차로아님,포장,건조,맑음,N,경기도파주시,1,126.781952777777,37.7570833333333
110909,2018,3,19,야,목,강원도,양구군,차대차,15~,안전운전 의무 불이행,남,67,1,0,,,지방도,단일로,기타단일로,직선,직선,평지,교차로아님,교차로아님,포장,건조,맑음,N,강원도양구군,1,127.992244444444,38.1072916666666
110952,2018,3,17,주,금,경상남도,통영시,차대차,15~,,남,82,1,0,안전모,착용,시도,교차로,교차로내,직선,직선,평지,교차로,교차로 - 사지,포장,건조,맑음,N,경상남도통영시,1,128.435277777777,34.8512583333333
111035,2018,4,3,야,일,대구시,수성구,차량단독,1~4,안전운전 의무 불이행,남,19,1,0.05%~0.09%,안전모,착용,특별광역시도,단일로,기타단일로,직선,직선,평지,교차로아님,교차로아님,포장,건조,맑음,N,대구시수성구,1,128.632866666666,35.8552083333333
111076,2018,4,1,야,월,서울시,서대문구,차대차,15~,중앙선 침범,남,65,1,0,안전모,미착용,특별광역시도,단일로,기타단일로,직선,직선,평지,교차로아님,교차로아님,포장,건조,맑음,N,서울시서대문구,1,126.938897222222,37.5763666666666
111099,2018,4,13,주,월,세종시,세종시,차대차,15~,안전운전 의무 불이행,남,85,1,0,안전모,착용,일반국도,단일로,기타단일로,직선,직선,평지,교차로아님,교차로아님,포장,건조,맑음,N,세종시세종시,1,127.289448,36.479522
111159,2018,4,16,주,화,충청남도,예산군,차대차,15~,,남,82,1,0,안전모,착용,군도,교차로,교차로내,직선,직선,평지,교차로,교차로 - 삼지,포장,건조,맑음,N,충청남도예산군,1,126.850874999999,36.6798055555555
111172,2018,4,20,야,화,충청북도,청주시,차량단독,15~,안전운전 의무 불이행,남,63,1,0,안전모,착용,시도,교차로,교차로내,커브ㆍ곡각 ,좌,평지  ,교차로,교차로 - 회전,포장,건조,맑음,N,충청북도청주시,1,127.511730555555,36.5839972222222
111231,2018,4,21,야,수,경상북도,의성군,차량단독,15~,안전운전 의무 불이행,남,57,1,0,안전모,미착용,지방도,단일로,기타단일로,직선,직선,평지,교차로아님,교차로아님,포장,건조,흐림,N,경상북도의성군,1,128.699363888888,36.3497583333333
111242,2018,4,7,주,목,부산시,해운대구,차량단독,미상,안전운전 의무 불이행,남,16,1,0.05%~0.09%,안전모,미착용,특별광역시도,단일로,기타단일로,커브ㆍ곡각 ,좌,오르막,교차로아님,교차로아님,포장,건조,흐림,N,부산시해운대구,1,129.165808333333,35.1600194444444
111248,2018,4,11,주,목,경기도,김포시,차대차,미상,안전운전 의무 불이행,남,62,1,0,안전모,착용,지방도,교차로,교차로부근,직선,직선,평지,교차로,교차로 - 사지,포장,젖음/습기,비,N,경기도김포시,1,126.717777777777,37.6124583333333
111299,2018,4,10,주,금,강원도,횡성군,차량단독,15~,안전운전 의무 불이행,남,55,1,0,안전모,착용,군도,단일로,기타단일로,커브ㆍ곡각 ,좌,오르막,교차로아님,교차로아님,포장,젖음/습기,맑음,N,강원도횡성군,1,127.987222222222,37.4889583333333
111432,2018,4,18,야,일,제주시,제주시,차대차,미상,안전운전 의무 불이행,남,16,1,0,안전모,착용,지방도,단일로,기타단일로,커브ㆍ곡각 ,우,평지  ,교차로아님,교차로아님,포장,건조,맑음,N,제주시제주시,1,126.533208333333,33.4963111111111
111450,2018,4,7,주,월,전라북도,남원시,차대차,15~,안전운전 의무 불이행,남,67,1,0,안전모,착용,시도,교차로,교차로내,커브ㆍ곡각 ,우,내리막,교차로,교차로 - 삼지,포장,건조,맑음,N,전라북도남원시,1,127.3925,35.4132555555555
111469,2018,4,17,주,월,부산시,사하구,차대차,미상,안전거리 미확보,남,54,1,0,안전모,착용,특별광역시도,단일로,기타단일로,직선,직선,평지,교차로아님,교차로아님,포장,건조,맑음,N,부산시사하구,1,128.977041666666,35.1014277777777
111492,2018,4,4,야,화,충청북도,청주시,차량단독,15~,안전운전 의무 불이행,남,29,1,0,안전모,미착용,시도,단일로,기타단일로,직선,직선,내리막,교차로아님,교차로아님,포장,건조,맑음,N,충청북도청주시,1,127.511730555555,36.5839972222222
111505,2018,4,9,주,화,경상북도,경산시,차대차,15~,중앙선 침범,남,77,1,0,안전모,착용,시도,단일로,기타단일로,커브ㆍ곡각 ,좌,평지  ,교차로아님,교차로아님,포장,건조,맑음,N,경상북도경산시,1,128.743463888888,35.8220888888888
111592,2018,4,10,주,목,전라남도,나주시,차량단독,15~,안전운전 의무 불이행,남,76,1,0,안전모,미착용,시도,단일로,기타단일로,직선,직선,평지,교차로아님,교차로아님,포장,건조,맑음,N,전라남도나주시,1,126.712866666666,35.0128388888888
111698,2018,4,5,야,토,강원도,원주시,차량단독,15~,안전운전 의무 불이행,남,23,1,0.20%~0.24%,안전모,미착용,시도,교차로,교차로부근,커브ㆍ곡각 ,우,평지  ,교차로,교차로 - 삼지,포장,젖음/습기,비,N,강원도원주시,1,127.922055555555,37.3390833333333
111702,2018,4,11,주,토,경기도,용인시,차대차,15~,신호위반,남,70,1,0,안전모,미착용,지방도,교차로,교차로내,커브ㆍ곡각 ,우,오르막,교차로,교차로 - 사지,포장,젖음/습기,비,N,경기도용인시,1,127.203844444444,37.2314777777777
111837,2018,4,12,주,화,경상북도,포항시,차대차,15~,과속,남,43,1,0,안전모,착용,시도,단일로,기타단일로,직선,직선,오르막,교차로아님,교차로아님,포장,건조,맑음,N,경상북도포항시,1,129.361666666666,36.0056861111111
111897,2018,4,13,주,수,경상남도,의령군,차대차,15~,교차로 통행방법 위반,남,68,1,0,안전모,미착용,군도,교차로,교차로내,직선,직선,평지,교차로,교차로 - 삼지,포장,건조,맑음,N,경상남도의령군,1,128.263822222222,35.3191194444444
111899,2018,4,14,주,수,경기도,평택시,차대차,15~,안전운전 의무 불이행,남,47,1,0,안전모,착용,지방도,단일로,기타단일로,직선,직선,평지,교차로아님,교차로아님,포장,건조,맑음,N,경기도평택시,1,127.114655555555,36.9894388888888
111911,2018,4,17,주,수,경상북도,청송군,차대차,1~4,안전운전 의무 불이행,남,66,1,0,안전모,착용,지방도,교차로,교차로부근,직선,직선,평지,교차로,교차로 - 삼지,포장,건조,맑음,N,경상북도청송군,1,129.0594,36.4332916666666
112009,2018,4,15,주,금,전라남도,구례군,차량단독,1~4,안전운전 의무 불이행,남,21,1,0,안전모,착용,일반국도,,,커브ㆍ곡각 ,좌,오르막,교차로아님,교차로아님,포장,건조,맑음,N,전라남도구례군,1,127.464933333333,35.1994583333333
112066,2018,4,5,야,토,부산시,남구,차대차,미상,중앙선 침범,남,18,1,0.10%~0.14%,안전모,미착용,특별광역시도,단일로,기타단일로,커브ㆍ곡각 ,우,내리막,교차로아님,교차로아님,포장,건조,맑음,N,부산시남구,1,129.0865,35.1334083333333
112068,2018,4,6,주,토,경상남도,함안군,차대차,15~,신호위반,남,82,1,0,안전모,착용,일반국도,교차로,교차로내,직선,직선,평지,교차로,교차로 - 사지,포장,건조,맑음,N,경상남도함안군,1,128.408708333333,35.2694055555555
112287,2018,4,23,야,수,경기도,파주시,차대차,1~4,신호위반,남,18,1,0,안전모,미착용,일반국도,교차로,교차로내,직선,직선,평지,교차로,교차로 - 사지,포장,건조,맑음,N,경기도파주시,1,126.781952777777,37.7570833333333
112353,2018,4,13,주,금,대전시,동구,차대차,15~,안전거리 미확보,남,66,1,0,안전모,착용,특별광역시도,교차로,교차로부근,직선,직선,평지,교차로,교차로 - 삼지,포장,건조,맑음,N,대전시동구,1,127.454859584609,36.3120402777084
112403,2018,4,5,야,토,경상북도,영덕군,차대차,5~9,안전운전 의무 불이행,여,67,1,0,안전모,미착용,일반국도,교차로,교차로내,직선,직선,평지,교차로,교차로 - 오지이상,포장,건조,맑음,N,경상북도영덕군,1,129.368355555555,36.4121027777777
112405,2018,4,8,주,토,부산시,영도구,차대차,15~,중앙선 침범,남,60,1,0,안전모,착용,특별광역시도,단일로,기타단일로,직선,직선,평지,교차로아님,교차로아님,포장,건조,맑음,N,부산시영도구,1,129.070186111111,35.0881166666666
112448,2018,4,20,야,토,인천시,강화군,차량단독,15~,안전운전 의무 불이행,남,32,1,0,,,특별광역시도,단일로,기타단일로,커브ㆍ곡각 ,우,평지  ,교차로아님,교차로아님,포장,건조,맑음,N,인천시강화군,1,126.487841711623,37.7469290696865
112460,2018,4,3,야,일,울산시,남구,차량단독,1~4,안전운전 의무 불이행,남,22,1,0,안전모,미착용,특별광역시도,교차로,교차로내,직선,직선,평지,교차로,교차로 - 사지,포장,건조,맑음,N,울산시남구,1,129.330175357608,35.5440426532722
112466,2018,4,11,주,일,충청남도,예산군,차대차,15~,안전운전 의무 불이행,남,69,1,0,안전모,미착용,일반국도,단일로,기타단일로,직선,직선,평지,교차로아님,교차로아님,포장,건조,맑음,N,충청남도예산군,1,126.850874999999,36.6798055555555
112548,2018,4,20,야,월,충청북도,영동군,차량단독,미상,안전운전 의무 불이행,남,89,1,0,안전모,미착용,,,,커브ㆍ곡각 ,우,평지  ,교차로아님,교차로아님,포장,건조,맑음,N,충청북도영동군,1,127.785611111111,36.1720583333333
112594,2018,5,21,야,화,충청북도,충주시,차량단독,미상,안전운전 의무 불이행,남,54,1,0.25%~0.29%,안전모,착용,시도,교차로,교차로부근,직선,직선,평지,교차로,교차로 - 삼지,포장,건조,맑음,N,충청북도충주시,1,127.928144444444,36.9881805555555
112638,2018,5,20,야,수,충청북도,충주시,차대차,미상,신호위반,남,44,1,0,안전모,,시도,교차로,교차로내,직선,직선,평지,교차로,교차로 - 삼지,포장,젖음/습기,비,N,충청북도충주시,1,127.928144444444,36.9881805555555
112651,2018,5,4,야,목,서울시,중구,차대차,15~,안전운전 의무 불이행,남,42,1,0.15%~0.19%,안전모,,특별광역시도,교차로,교차로부근,커브ㆍ곡각 ,좌,평지  ,교차로,교차로 - 삼지,포장,젖음/습기,흐림,N,서울시중구,1,126.999641666666,37.5610027777777
112656,2018,5,8,주,목,대전시,중구,차량단독,15~,안전운전 의무 불이행,남,67,1,0,안전모,착용,특별광역시도,단일로,지하차도(도로)내,커브ㆍ곡각 ,좌,내리막,교차로아님,교차로아님,포장,건조,맑음,N,대전시중구,1,127.421380984609,36.3258298947226
112748,2018,5,21,야,금,경상북도,성주군,차량단독,미상,안전운전 의무 불이행,남,61,1,0,안전모,미착용,군도,단일로,기타단일로,직선,직선,내리막,교차로아님,교차로아님,포장,건조,맑음,N,경상북도성주군,1,128.285152777777,35.9162111111111
112758,2018,5,0,야,토,세종시,세종시,차량단독,1~4,안전운전 의무 불이행,남,33,1,0,안전모,미착용,시도,단일로,기타단일로,직선,직선,평지,교차로아님,교차로아님,포장,건조,맑음,N,세종시세종시,1,127.289448,36.479522
112774,2018,5,12,주,토,경상북도,안동시,차량단독,15~,안전운전 의무 불이행,남,76,1,0,안전모,,시도,단일로,기타단일로,직선,직선,평지,교차로아님,교차로아님,포장,건조,맑음,N,경상북도안동시,1,128.731622222222,36.5654638888888
112777,2018,5,13,주,토,강원도,동해시,차대차,5~9,안전운전 의무 불이행,남,32,1,0,안전모,착용,일반국도,단일로,기타단일로,직선,직선,내리막,교차로아님,교차로아님,포장,건조,맑음,N,강원도동해시,1,129.116633333333,37.5219305555555
112804,2018,5,23,야,토,경기도,용인시,차량단독,미상,안전운전 의무 불이행,남,36,1,0.05%~0.09%,안전모,착용,군도,교차로,교차로부근,,,,교차로,교차로 - 삼지,포장,젖음/습기,비,N,경기도용인시,1,127.203844444444,37.2314777777777
112811,2018,5,1,야,일,경상북도,경산시,차량단독,15~,안전운전 의무 불이행,남,58,1,0,안전모,,시도,단일로,기타단일로,직선,직선,평지,교차로아님,교차로아님,포장,젖음/습기,비,N,경상북도경산시,1,128.743463888888,35.8220888888888
112917,2018,5,19,야,화,서울시,서초구,차대차,1~4,신호위반,남,46,1,0,안전모,미착용,특별광역시도,교차로,교차로내,직선,직선,내리막,교차로,교차로 - 삼지,포장,건조,맑음,N,서울시서초구,1,127.034811111111,37.4807861111111
113021,2018,5,17,주,목,부산시,부산진구,차대차,15~,중앙선 침범,남,27,1,0,안전모,착용,특별광역시도,단일로,기타단일로,직선,직선,평지,교차로아님,교차로아님,포장,건조,맑음,N,부산시부산진구,1,129.055319444444,35.1599527777777
113053,2018,5,8,주,금,경기도,안산시,차대차,15~,신호위반,남,17,1,0,안전모,미착용,시도,교차로,교차로내,직선,직선,평지,교차로,교차로 - 사지,포장,건조,맑음,N,경기도안산시,1,126.846819444444,37.2985194444444
113209,2018,5,10,주,월,경상북도,포항시,차대차,15~,중앙선 침범,남,82,1,0,안전모,미착용,고속국도,단일로,기타단일로,직선,직선,평지,교차로아님,교차로아님,포장,건조,맑음,N,경상북도포항시,1,129.361666666666,36.0056861111111
113210,2018,5,11,주,월,전라북도,전주시,차대차,10~14,안전운전 의무 불이행,남,57,1,0,안전모,,시도,단일로,기타단일로,직선,직선,평지,교차로아님,교차로아님,포장,건조,맑음,N,전라북도전주시,1,127.121919444444,35.8091888888888
113240,2018,5,9,주,화,경상북도,포항시,차대차,10~14,신호위반,남,75,1,0,안전모,미착용,일반국도,교차로,교차로내,직선,직선,평지,교차로,교차로 - 삼지,포장,건조,맑음,N,경상북도포항시,1,129.361666666666,36.0056861111111
113334,2018,5,19,야,목,충청북도,보은군,차량단독,10~14,안전운전 의무 불이행,남,52,1,0,안전모,착용,군도,단일로,지하차도(도로)내,직선,직선,평지,교차로아님,교차로아님,포장,젖음/습기,흐림,N,충청북도보은군,1,127.731608333333,36.4865333333333
113355,2018,5,12,주,금,경기도,안양시,차량단독,15~,,남,64,1,0,안전모,,시도,단일로,기타단일로,직선,직선,평지,교차로아님,교차로아님,포장,젖음/습기,비,N,경기도안양시,1,126.953355555555,37.3897
113377,2018,5,19,야,금,경상남도,창원시,차대차,미상,안전운전 의무 불이행,남,51,1,0,안전모,,시도,,,직선,직선,내리막,교차로아님,교차로아님,포장,젖음/습기,비,N,경상남도창원시,1,128.6401544,35.2540033
113386,2018,5,21,야,금,충청북도,단양군,차량단독,1~4,안전운전 의무 불이행,여,71,1,0,안전모,,,단일로,기타단일로,직선,직선,내리막,교차로아님,교차로아님,포장,건조,맑음,N,충청북도단양군,1,128.367841666666,36.9817805555555
113463,2018,5,6,주,일,경기도,고양시,차량단독,1~4,안전운전 의무 불이행,남,18,1,0,안전모,미착용,시도,단일로,기타단일로,직선,직선,평지,교차로아님,교차로아님,포장,건조,맑음,N,경기도고양시,1,126.777055555555,37.6559083333333