,년,월,시간,주야,요일,시도,시군구,사고유형_대분류,면허경과년수,가해자법규위반,성별,연령,사망여부,가해자음주농도,보호장구,안전모_착용여부,도로종류,도로형태_대분류,도로형태,도로선형_대분류,도로선형_중분류,도로선형,교차로형태_대분류,교차로형태,노면상태_대분류,노면상태,기상상태,어린이보호구역여부,시도군구,exists,long,lat
122262,2018,11,9,주,목,광주시,북구,차대차,10~14,교차로 통행방법 위반,남,79,1,0,안전모,착용,특별광역시도,교차로,교차로내,직선,직선,평지,교차로,교차로 - 사지,포장,건조,맑음,N,광주시북구,1,126.901080587328,35.1812137957623
122269,2018,11,11,주,목,경상북도,칠곡군,차대차,15~,중앙선 침범,남,33,1,0,안전모,미착용,군도,단일로,기타단일로,커브ㆍ곡각 ,우,오르막,교차로아님,교차로아님,포장,건조,맑음,N,경상북도칠곡군,1,128.403797222222,35.9925472222222
122377,2018,11,0,야,토,인천시,미추홀구,차대차,5~9,보행자 보호의무 위반,남,24,1,0,안전모,착용,특별광역시도,단일로,기타단일로,직선,직선,평지,교차로아님,교차로아님,포장,건조,맑음,N,인천시미추홀구,1,126.650297226959,37.4636916934167
122414,2018,11,16,주,토,전라남도,무안군,차량단독,15~,안전운전 의무 불이행,남,61,1,0,안전모,미착용,일반국도,단일로,기타단일로,커브ㆍ곡각 ,좌,내리막,교차로아님,교차로아님,포장,건조,맑음,N,전라남도무안군,1,126.4837,34.9873694444444
122415,2018,11,16,주,토,경상북도,김천시,차량단독,5~9,안전운전 의무 불이행,여,74,1,0,안전모,착용,군도,교차로,교차로내,커브ㆍ곡각 ,우,내리막,교차로,교차로 - 삼지,포장,건조,맑음,N,경상북도김천시,1,128.1158,36.1368972222222
122455,2018,11,11,주,일,제주시,서귀포시,차대차,15~,안전운전 의무 불이행,남,64,1,0,안전모,착용,지방도,단일로,기타단일로,직선,직선,평지,교차로아님,교차로아님,포장,건조,맑음,N,제주시서귀포시,1,126.512555555555,33.25235
122482,2018,11,19,야,일,충청남도,부여군,차대차,15~,중앙선 침범,남,79,1,0,안전모,,군도,,,직선,직선,오르막,교차로아님,교차로아님,포장,건조,맑음,N,충청남도부여군,1,126.911863888888,36.2728222222222
122516,2018,11,17,주,월,서울시,마포구,차대차,5~9,신호위반,남,25,1,0,안전모,착용,특별광역시도,교차로,교차로부근,직선,직선,평지,교차로,교차로 - 삼지,포장,건조,맑음,N,서울시마포구,1,126.910530555555,37.5607055555555
122554,2018,11,11,주,화,강원도,동해시,차량단독,15~,안전운전 의무 불이행,남,80,1,0,안전모,미착용,시도,단일로,기타단일로,직선,직선,평지,교차로아님,교차로아님,포장,건조,맑음,N,강원도동해시,1,129.116633333333,37.5219305555555
122581,2018,11,19,야,화,경상남도,김해시,차대차,1~4,신호위반,남,19,1,0,안전모,착용,시도,교차로,교차로내,직선,직선,평지,교차로,교차로 - 사지,포장,건조,맑음,N,경상남도김해시,1,128.891666666666,35.2255055555555
122679,2018,11,20,야,목,울산시,울주군,차대차,5~9,신호위반,남,39,1,0,안전모,,특별광역시도,교차로,교차로내,직선,직선,평지,교차로,교차로 - 사지,포장,젖음/습기,비,N,울산시울주군,1,129.242474811581,35.5223064790022
122756,2018,11,11,주,토,충청남도,아산시,차대차,15~,안전운전 의무 불이행,남,79,1,0,안전모,착용,일반국도,단일로,기타단일로,직선,직선,평지,교차로아님,교차로아님,포장,건조,맑음,N,충청남도아산시,1,127.004641666666,36.7871055555555
122824,2018,11,11,주,일,경상남도,양산시,차량단독,15~,안전운전 의무 불이행,남,37,1,0,안전모,착용,시도,단일로,기타단일로,직선,직선,내리막,교차로아님,교차로아님,포장,건조,맑음,N,경상남도양산시,1,129.039411111111,35.3319277777777
122857,2018,11,8,주,월,전라남도,신안군,차량단독,15~,안전운전 의무 불이행,남,79,1,0,안전모,미착용,군도,교차로,교차로부근,직선,직선,내리막,교차로,교차로 - 사지,포장,건조,맑음,N,전라남도신안군,1,126.381730555555,34.7898111111111
122896,2018,11,4,야,화,경상북도,고령군,차량단독,1~4,안전운전 의무 불이행,남,20,1,0,안전모,미착용,군도,단일로,지하차도(도로)내,직선,직선,평지,교차로아님,교차로아님,포장,건조,맑음,N,경상북도고령군,1,128.265022222222,35.7229861111111
122898,2018,11,6,주,화,충청남도,금산군,차량단독,15~,안전거리 미확보,남,58,1,0,안전모,미착용,지방도,단일로,기타단일로,직선,직선,내리막,교차로아님,교차로아님,포장,젖음/습기,흐림,N,충청남도금산군,1,127.490308333333,36.1058694444444
122927,2018,11,19,야,화,경기도,성남시,차대차,15~,신호위반,남,43,1,0,안전모,착용,시도,교차로,교차로내,직선,직선,평지,교차로,교차로 - 사지,포장,건조,맑음,N,경기도성남시,1,127.147719444444,37.4474916666666
122940,2018,11,5,야,수,서울시,강남구,차대차,1~4,신호위반,남,53,1,0,안전모,,특별광역시도,교차로,교차로내,직선,직선,평지,교차로,교차로 - 사지,포장,건조,맑음,N,서울시강남구,1,127.049555555555,37.514575
122956,2018,11,14,주,수,서울시,노원구,차대차,15~,,남,49,1,0,안전모,착용,특별광역시도,교차로,교차로내,커브ㆍ곡각 ,좌,평지  ,교차로,교차로 - 삼지,포장,건조,맑음,N,서울시노원구,1,127.058388888888,37.6514611111111
123003,2018,11,8,주,목,경기도,화성시,차량단독,10~14,안전운전 의무 불이행,남,45,1,0,안전모,착용,시도,단일로,기타단일로,커브ㆍ곡각 ,좌,내리막,교차로아님,교차로아님,포장,건조,맑음,N,경기도화성시,1,126.833530555555,37.1968166666666
123082,2018,11,18,야,금,인천시,연수구,차대차,1~4,,남,17,1,0,안전모,미착용,특별광역시도,교차로,교차로내,직선,직선,평지,교차로,교차로 - 사지,포장,건조,맑음,N,인천시연수구,1,126.678265782781,37.4103812512024
123084,2018,11,18,야,금,경기도,남양주시,차대차,미상,신호위반,남,18,1,0,안전모,,지방도,교차로,교차로내,,,,교차로,교차로 - 삼지,포장,건조,맑음,N,경기도남양주시,1,127.218633333333,37.6331777777777
123149,2018,11,18,야,토,경상북도,포항시,차대차,5~9,안전운전 의무 불이행,남,75,1,0,안전모,착용,시도,단일로,기타단일로,직선,직선,평지,교차로아님,교차로아님,포장,건조,맑음,N,경상북도포항시,1,129.361666666666,36.0056861111111
123179,2018,11,3,야,일,경기도,수원시,차대차,15~,안전거리 미확보,남,47,1,0,안전모,착용,일반국도,교차로,교차로부근,직선,직선,평지,교차로,교차로 - 사지,포장,건조,맑음,N,경기도수원시,1,127.012222222222,37.3010111111111
123180,2018,11,6,주,일,충청남도,천안시,차대차,미상,신호위반,남,16,1,0,안전모,,시도,교차로,교차로내,직선,직선,평지,교차로,교차로 - 오지이상,포장,건조,맑음,N,충청남도천안시,1,127.152466666666,36.804125
123243,2018,11,10,주,월,전라남도,나주시,차대차,10~14,안전운전 의무 불이행,남,66,1,0,안전모,미착용,시도,단일로,기타단일로,직선,직선,평지,교차로아님,교차로아님,포장,건조,맑음,N,전라남도나주시,1,126.712866666666,35.0128388888888
123294,2018,11,9,주,화,경상남도,거창군,차대차,15~,,남,82,1,0,안전모,착용,군도,교차로,교차로내,직선,직선,평지,교차로,교차로 - 사지,포장,건조,맑음,N,경상남도거창군,1,127.911655555555,35.683625
123363,2018,11,12,주,수,전라북도,남원시,차량단독,5~9,안전운전 의무 불이행,남,71,1,0,안전모,미착용,시도,단일로,기타단일로,직선,직선,평지,교차로아님,교차로아님,포장,건조,맑음,N,전라북도남원시,1,127.3925,35.4132555555555
123459,2018,11,12,주,금,서울시,중랑구,차대차,15~,신호위반,남,65,1,0,안전모,착용,특별광역시도,교차로,교차로내,직선,직선,평지,교차로,교차로 - 사지,포장,건조,맑음,N,서울시중랑구,1,127.094777777777,37.6038055555555
123461,2018,11,12,주,금,충청북도,청주시,차대차,10~14,안전운전 의무 불이행,남,82,1,0,안전모,미착용,시도,교차로,교차로내,직선,직선,평지,교차로,교차로 - 사지,포장,건조,맑음,N,충청북도청주시,1,127.511730555555,36.5839972222222
123504,2018,11,10,주,토,전라남도,보성군,차대차,10~14,안전운전 의무 불이행,남,82,1,0,안전모,착용,일반국도,교차로,교차로내,직선,직선,평지,교차로,교차로 - 삼지,포장,건조,흐림,N,전라남도보성군,1,127.082088888888,34.7683333333333
123533,2018,11,23,야,토,전라남도,완도군,차량단독,미상,안전운전 의무 불이행,남,35,1,0,안전모,,군도,단일로,기타단일로,직선,직선,평지,교차로아님,교차로아님,포장,건조,맑음,N,전라남도완도군,1,126.757097222222,34.3078527777777
123853,2018,12,7,주,토,경상남도,함양군,차량단독,15~,안전운전 의무 불이행,남,73,1,0,안전모,미착용,군도,단일로,기타단일로,커브ㆍ곡각 ,우,평지  ,교차로아님,교차로아님,포장,건조,맑음,N,경상남도함양군,1,127.727419444444,35.5174694444444
123855,2018,12,9,주,토,경상남도,의령군,차대차,15~,교차로 통행방법 위반,남,85,1,0,안전모,착용,지방도,교차로,교차로내,직선,직선,평지,교차로,교차로 - 사지,포장,건조,맑음,N,경상남도의령군,1,128.263822222222,35.3191194444444
123898,2018,12,4,야,일,대구시,서구,차량단독,1~4,안전운전 의무 불이행,남,27,1,0.10%~0.14%,안전모,미착용,특별광역시도,단일로,기타단일로,직선,직선,평지,교차로아님,교차로아님,포장,건조,맑음,N,대구시서구,1,128.559160069259,35.8719405397309
123985,2018,12,10,주,화,충청북도,청주시,차량단독,15~,안전운전 의무 불이행,남,78,1,0,안전모,착용,시도,단일로,기타단일로,직선,직선,평지,교차로아님,교차로아님,포장,젖음/습기,비,N,충청북도청주시,1,127.511730555555,36.5839972222222
124045,2018,12,14,주,수,전라남도,화순군,차대차,15~,,남,58,1,0,안전모,착용,군도,교차로,교차로내,직선,직선,내리막,교차로,교차로 - 사지,포장,건조,맑음,N,전라남도화순군,1,126.988566666666,35.0614805555555
124049,2018,12,17,주,수,강원도,고성군,차대차,5~9,중앙선 침범,남,83,1,0,안전모,착용,일반국도,,,직선,직선,평지,교차로아님,교차로아님,포장,건조,맑음,N,강원도고성군,1,128.470163888888,38.3779611111111
124050,2018,12,17,주,수,제주시,서귀포시,차대차,5~9,안전운전 의무 불이행,여,69,1,0,안전모,미착용,지방도,교차로,교차로내,직선,직선,평지,교차로,교차로 - 삼지,포장,건조,맑음,N,제주시서귀포시,1,126.512555555555,33.25235
124118,2018,12,7,주,금,전라남도,화순군,차량단독,미상,안전운전 의무 불이행,남,33,1,0,안전모,착용,군도,단일로,기타단일로,직선,직선,평지,교차로아님,교차로아님,포장,건조,맑음,N,전라남도화순군,1,126.988566666666,35.0614805555555
124265,2018,12,10,주,월,전라남도,함평군,차대차,1~4,,남,79,1,0,안전모,착용,일반국도,단일로,기타단일로,직선,직선,평지,교차로아님,교차로아님,포장,건조,맑음,N,전라남도함평군,1,126.518619444444,35.0627444444444
124268,2018,12,11,주,월,경상남도,창원시,차대차,미상,신호위반,남,80,1,0,안전모,미착용,시도,단일로,기타단일로,직선,직선,평지,교차로아님,교차로아님,포장,건조,맑음,N,경상남도창원시,1,128.6401544,35.2540033
124418,2018,12,12,주,금,경기도,김포시,차대차,미상,신호위반,여,25,1,0,안전모,착용,일반국도,교차로,교차로내,직선,직선,평지,교차로,교차로 - 사지,포장,건조,맑음,N,경기도김포시,1,126.717777777777,37.6124583333333
124510,2018,12,22,야,토,서울시,성북구,차량단독,15~,안전운전 의무 불이행,남,20,1,0,안전모,미착용,특별광역시도,단일로,기타단일로,직선,직선,평지,교차로아님,교차로아님,포장,건조,맑음,N,서울시성북구,1,127.020333333333,37.5863833333333
124590,2018,12,18,야,월,충청북도,괴산군,차대차,미상,중앙선 침범,남,82,1,0,안전모,착용,,단일로,기타단일로,직선,직선,평지,교차로아님,교차로아님,포장,건조,맑음,N,충청북도괴산군,1,127.788830555555,36.8124305555555
124600,2018,12,21,야,월,경상북도,청도군,차량단독,15~,안전운전 의무 불이행,남,62,1,0,안전모,,군도,단일로,기타단일로,직선,직선,내리막,교차로아님,교차로아님,포장,건조,맑음,N,경상북도청도군,1,128.7362,35.6443111111111
124635,2018,12,16,주,화,전라북도,완주군,차대차,15~,교차로 통행방법 위반,남,70,1,0,안전모,착용,,교차로,교차로내,직선,직선,평지,교차로,교차로 - 사지,포장,건조,맑음,N,전라북도완주군,1,127.149597222222,35.8429694444444
124645,2018,12,18,야,화,충청남도,부여군,차대차,15~,중앙선 침범,남,76,1,0,안전모,착용,일반국도,단일로,기타단일로,커브ㆍ곡각 ,좌,평지  ,교차로아님,교차로아님,포장,건조,맑음,N,충청남도부여군,1,126.911863888888,36.2728222222222
124662,2018,12,6,주,수,경상남도,진주시,차량단독,15~,안전운전 의무 불이행,남,24,1,0,안전모,착용,시도,교차로,교차로부근,직선,직선,평지,교차로,교차로 - 삼지,포장,건조,맑음,N,경상남도진주시,1,128.109999999999,35.1770333333333
124759,2018,12,17,주,금,경기도,남양주시,차대차,15~,신호위반,남,70,1,0,안전모,,지방도,교차로,교차로내,직선,직선,평지,교차로,교차로 - 오지이상,포장,건조,맑음,N,경기도남양주시,1,127.218633333333,37.6331777777777
124778,2018,12,23,야,금,광주시,동구,차대차,15~,안전거리 미확보,남,56,1,0,안전모,미착용,특별광역시도,단일로,기타단일로,직선,직선,평지,교차로아님,교차로아님,포장,건조,맑음,N,광주시동구,1,126.923090311574,35.1462777551683
125144,2018,12,10,주,일,서울시,서초구,차량단독,15~,안전운전 의무 불이행,남,64,1,0,안전모,착용,특별광역시도,단일로,기타단일로,커브ㆍ곡각 ,좌,평지  ,교차로아님,교차로아님,포장,건조,맑음,N,서울시서초구,1,127.034811111111,37.4807861111111
125153,2018,12,15,주,일,경기도,평택시,차대차,5~9,신호위반,남,24,1,0,안전모,착용,지방도,교차로,교차로내,직선,직선,평지,교차로,교차로 - 사지,포장,건조,맑음,N,경기도평택시,1,127.114655555555,36.9894388888888
125200,2018,12,15,주,월,경상북도,군위군,차량단독,15~,안전운전 의무 불이행,남,81,1,0,안전모,착용,일반국도,단일로,기타단일로,직선,직선,평지,교차로아님,교차로아님,포장,건조,맑음,N,경상북도군위군,1,128.575077777777,36.2399972222222
125325,2019,1,20,야,목,충청남도,공주시,차대차,미상,신호위반,남,52,1,0.20%~0.24%,안전모,미착용,지방도,단일로,기타단일로,직선,직선,평지,교차로아님,교차로아님,포장,건조,맑음,N,충청남도공주시,1,127.121119444444,36.4436138888888
125420,2019,1,12,주,일,대구시,달성군,차대차,15~,과속,남,52,1,0,안전모,착용,특별광역시도,교차로,교차로내,직선,직선,평지,교차로,교차로 - 삼지,포장,건조,맑음,N,대구시달성군,1,128.431399499941,35.7747502893017
125574,2019,1,12,주,목,경상북도,영덕군,차량단독,1~4,안전운전 의무 불이행,여,66,1,0,안전모,,,단일로,기타단일로,직선,직선,평지,교차로아님,교차로아님,포장,건조,맑음,N,경상북도영덕군,1,129.368355555555,36.4121027777777
125636,2019,1,9,주,토,경기도,고양시,차대차,15~,안전운전 의무 불이행,남,76,1,0,안전모,착용,시도,단일로,기타단일로,직선,직선,평지,교차로아님,교차로아님,포장,건조,맑음,N,경기도고양시,1,126.777055555555,37.6559083333333
125712,2019,1,0,야,월,경기도,시흥시,차대차,1~4,안전운전 의무 불이행,남,17,1,0,안전모,미착용,일반국도,단일로,기타단일로,직선,직선,평지,교차로아님,교차로아님,포장,건조,맑음,N,경기도시흥시,1,126.805077777777,37.3773194444444
125716,2019,1,7,주,월,경기도,김포시,차대차,10~14,안전운전 의무 불이행,남,55,1,0,안전모,착용,,,,,,,교차로아님,교차로아님,포장,건조,흐림,N,경기도김포시,1,126.717777777777,37.6124583333333
125802,2019,1,9,주,수,경기도,고양시,차량단독,15~,안전운전 의무 불이행,남,83,1,0,안전모,,시도,단일로,기타단일로,직선,직선,평지,교차로아님,교차로아님,포장,건조,맑음,N,경기도고양시,1,126.777055555555,37.6559083333333
125904,2019,1,10,주,금,서울시,도봉구,차량단독,1~4,안전운전 의무 불이행,남,21,1,0,안전모,미착용,특별광역시도,단일로,기타단일로,직선,직선,평지,교차로아님,교차로아님,포장,건조,맑음,N,서울시도봉구,1,127.049522222222,37.6658333333333
125939,2019,1,6,주,토,경상북도,경주시,차대차,15~,중앙선 침범,여,63,1,0,안전모,착용,일반국도,단일로,기타단일로,직선,직선,평지,교차로아님,교차로아님,포장,건조,맑음,N,경상북도경주시,1,129.227022222222,35.8531694444444
125941,2019,1,7,주,토,서울시,구로구,차대차,15~,안전거리 미확보,남,68,1,0,안전모,착용,특별광역시도,단일로,기타단일로,직선,직선,내리막,교차로아님,교차로아님,포장,건조,맑음,N,서울시구로구,1,126.889597222222,37.49265
125981,2019,1,9,주,일,제주시,서귀포시,차대차,미상,신호위반,남,80,1,0,안전모,착용,지방도,교차로,교차로내,직선,직선,평지,교차로,교차로 - 사지,포장,건조,맑음,N,제주시서귀포시,1,126.512555555555,33.25235
126067,2019,1,0,야,화,경기도,화성시,차량단독,1~4,안전운전 의무 불이행,남,20,1,0,안전모,,시도,단일로,기타단일로,직선,직선,평지,교차로아님,교차로아님,포장,건조,맑음,N,경기도화성시,1,126.833530555555,37.1968166666666
126080,2019,1,13,주,화,서울시,강남구,차대차,5~9,안전운전 의무 불이행,남,23,1,0,안전모,착용,특별광역시도,단일로,기타단일로,직선,직선,평지,교차로아님,교차로아님,포장,건조,맑음,N,서울시강남구,1,127.049555555555,37.514575
126162,2019,1,14,주,목,부산시,사상구,차대차,15~,신호위반,남,76,1,0,안전모,착용,특별광역시도,교차로,교차로부근,직선,직선,내리막,교차로,교차로 - 삼지,포장,건조,맑음,N,부산시사상구,1,128.993333333333,35.1494666666666
126195,2019,1,4,야,금,서울시,도봉구,차량단독,1~4,안전운전 의무 불이행,남,17,1,0.05%~0.09%,안전모,,특별광역시도,단일로,기타단일로,직선,직선,평지,교차로아님,교차로아님,포장,건조,맑음,N,서울시도봉구,1,127.049522222222,37.6658333333333
126249,2019,1,8,주,토,부산시,해운대구,차량단독,1~4,안전운전 의무 불이행,남,66,1,0,안전모,착용,특별광역시도,단일로,기타단일로,커브ㆍ곡각 ,좌,평지  ,교차로아님,교차로아님,포장,,맑음,N,부산시해운대구,1,129.165808333333,35.1600194444444
126362,2019,1,20,야,월,전라남도,신안군,차대차,미상,안전운전 의무 불이행,남,58,1,0,안전모,미착용,군도,교차로,교차로부근,직선,직선,평지,교차로,교차로 - 삼지,포장,건조,맑음,N,전라남도신안군,1,126.381730555555,34.7898111111111
126533,2019,2,14,주,금,경상북도,김천시,차량단독,15~,안전운전 의무 불이행,남,46,1,0,안전모,착용,지방도,교차로,교차로부근,직선,직선,평지,교차로,교차로 - 삼지,포장,건조,맑음,N,경상북도김천시,1,128.1158,36.1368972222222
126593,2019,2,19,야,토,전라남도,곡성군,차량단독,15~,안전운전 의무 불이행,남,69,1,0.20%~0.24%,안전모,,지방도,교차로,교차로부근,커브ㆍ곡각 ,우,평지  ,교차로,교차로 - 회전,포장,건조,흐림,N,전라남도곡성군,1,127.294108333333,35.2789555555555
126600,2019,2,23,야,토,대전시,유성구,차량단독,15~,안전운전 의무 불이행,남,37,1,0,안전모,착용,특별광역시도,단일로,기타단일로,직선,직선,평지,교차로아님,교차로아님,포장,젖음/습기,비,N,대전시유성구,1,127.356136301599,36.3640558639158
126677,2019,2,3,야,수,부산시,사하구,차량단독,1~4,안전운전 의무 불이행,남,17,1,0,안전모,미착용,특별광역시도,단일로,기타단일로,커브ㆍ곡각 ,우,내리막,교차로아님,교차로아님,포장,건조,맑음,N,부산시사하구,1,128.977041666666,35.1014277777777
126678,2019,2,3,야,수,충청남도,천안시,차대차,미상,신호위반,남,19,1,0,안전모,미착용,시도,교차로,교차로내,직선,직선,평지,교차로,교차로 - 사지,포장,건조,맑음,N,충청남도천안시,1,127.152466666666,36.804125
126713,2019,2,9,주,목,경상남도,함양군,차대차,15~,안전운전 의무 불이행,남,95,1,0,안전모,착용,일반국도,단일로,기타단일로,직선,직선,평지,교차로아님,교차로아님,포장,건조,맑음,N,경상남도함양군,1,127.727419444444,35.5174694444444
126812,2019,2,22,야,토,인천시,남동구,차대차,1~4,신호위반,남,16,1,0,,,특별광역시도,교차로,교차로내,직선,직선,평지,교차로,교차로 - 사지,포장,건조,맑음,N,인천시남동구,1,126.730966889481,37.4497106167382
126936,2019,2,0,야,수,대구시,수성구,차량단독,5~9,안전운전 의무 불이행,남,28,1,0,안전모,착용,특별광역시도,단일로,기타단일로,직선,직선,평지,교차로아님,교차로아님,포장,건조,맑음,N,대구시수성구,1,128.632866666666,35.8552083333333
126937,2019,2,1,야,수,경기도,안산시,차량단독,1~4,안전운전 의무 불이행,남,22,1,0,안전모,착용,일반국도,단일로,기타단일로,직선,직선,평지,교차로아님,교차로아님,포장,건조,맑음,N,경기도안산시,1,126.846819444444,37.2985194444444
126963,2019,2,16,주,수,충청북도,옥천군,차량단독,15~,안전운전 의무 불이행,남,80,1,0,안전모,착용,지방도,단일로,기타단일로,직선,직선,평지,교차로아님,교차로아님,포장,건조,맑음,N,충청북도옥천군,1,127.573633333333,36.3035499999999
127050,2019,2,11,주,금,강원도,양양군,차대차,미상,신호위반,남,87,1,0,안전모,착용,일반국도,교차로,교차로내,직선,직선,평지,교차로,교차로 - 삼지,포장,건조,맑음,N,강원도양양군,1,128.621355555555,38.0728333333333
127189,2019,2,7,주,월,경기도,부천시,차대차,10~14,신호위반,남,38,1,0.05%~0.09%,안전모,착용,시도,교차로,교차로내,직선,직선,평지,교차로,교차로 - 사지,포장,건조,맑음,N,경기도부천시,1,126.766,37.5035917
127394,2019,2,21,야,금,경기도,하남시,차대차,15~,신호위반,남,40,1,0,안전모,착용,,교차로,교차로내,직선,직선,평지,교차로,교차로 - 사지,포장,건조,맑음,N,경기도하남시,1,127.217,37.5364972222222
127529,2019,2,12,주,월,전라남도,완도군,차량단독,미상,안전운전 의무 불이행,남,71,1,0,안전모,착용,일반국도,교차로,교차로부근,커브ㆍ곡각 ,좌,평지  ,교차로,교차로 - 삼지,포장,건조,맑음,N,전라남도완도군,1,126.757097222222,34.3078527777777
127629,2019,2,15,주,수,서울시,송파구,차대차,10~14,중앙선 침범,남,36,1,0,안전모,착용,특별광역시도,단일로,기타단일로,직선,직선,평지,교차로아님,교차로아님,포장,건조,맑음,N,서울시송파구,1,127.107930555555,37.5117555555555
127801,2019,3,14,주,일,경기도,파주시,차량단독,1~4,안전운전 의무 불이행,남,31,1,0,안전모,,시도,단일로,기타단일로,직선,직선,평지,교차로아님,교차로아님,포장,건조,맑음,N,경기도파주시,1,126.781952777777,37.7570833333333
127846,2019,3,15,주,월,대구시,달성군,차량단독,15~,안전운전 의무 불이행,남,56,1,0,,,특별광역시도,단일로,기타단일로,직선,직선,내리막,교차로아님,교차로아님,포장,건조,맑음,N,대구시달성군,1,128.431399499941,35.7747502893017
127903,2019,3,1,야,수,인천시,서구,차량단독,15~,안전운전 의무 불이행,남,39,1,0,안전모,착용,특별광역시도,단일로,기타단일로,직선,직선,평지,교차로아님,교차로아님,포장,건조,맑음,N,인천시서구,1,126.675961611619,37.5454637180429
127904,2019,3,4,야,수,강원도,원주시,차량단독,15~,안전운전 의무 불이행,남,50,1,0.25%~0.29%,안전모,미착용,시도,단일로,기타단일로,직선,직선,평지,교차로아님,교차로아님,포장,건조,맑음,N,강원도원주시,1,127.922055555555,37.3390833333333
127910,2019,3,10,주,수,충청남도,예산군,차대차,5~9,안전운전 의무 불이행,남,82,1,0,안전모,미착용,군도,교차로,교차로부근,직선,직선,평지,교차로,교차로 - 사지,포장,건조,맑음,N,충청남도예산군,1,126.850874999999,36.6798055555555
127917,2019,3,14,주,수,경상북도,군위군,차량단독,10~14,안전운전 의무 불이행,남,83,1,0,안전모,착용,군도,단일로,기타단일로,커브ㆍ곡각 ,좌,평지  ,교차로아님,교차로아님,포장,건조,맑음,N,경상북도군위군,1,128.575077777777,36.2399972222222
127981,2019,3,17,주,목,경기도,양주시,차대차,15~,신호위반,남,77,1,0,안전모,착용,시도,교차로,교차로내,직선,직선,평지,교차로,교차로 - 사지,포장,건조,맑음,N,경기도양주시,1,127.047819444444,37.78245
128016,2019,3,7,주,금,충청남도,아산시,차량단독,10~14,안전운전 의무 불이행,남,31,1,0,안전모,착용,시도,단일로,기타단일로,직선,직선,평지,교차로아님,교차로아님,포장,건조,맑음,N,충청남도아산시,1,127.004641666666,36.7871055555555
128062,2019,3,1,야,토,경기도,양평군,차대차,1~4,안전운전 의무 불이행,남,22,1,0,안전모,착용,일반국도,단일로,교량위,직선,직선,오르막,교차로아님,교차로아님,포장,건조,맑음,N,경기도양평군,1,127.489886111111,37.4889361111111
128069,2019,3,8,주,토,전라남도,고흥군,차량단독,15~,안전운전 의무 불이행,남,82,1,0,안전모,미착용,군도,단일로,기타단일로,직선,직선,평지,교차로아님,교차로아님,포장,건조,맑음,N,전라남도고흥군,1,127.287055555555,34.6080694444444
128070,2019,3,10,주,토,전라북도,김제시,차대차,10~14,안전운전 의무 불이행,남,77,1,0,안전모,착용,시도,교차로,교차로내,직선,직선,평지,교차로,교차로 - 사지,포장,건조,맑음,N,전라북도김제시,1,126.882752777777,35.8005749999999
128163,2019,3,8,주,월,제주시,서귀포시,차대차,15~,중앙선 침범,여,72,1,0,안전모,착용,지방도,교차로,교차로횡단보도내,직선,직선,평지,교차로,교차로 - 삼지,포장,건조,맑음,N,제주시서귀포시,1,126.512555555555,33.25235
128321,2019,3,18,야,목,전라남도,영광군,차량단독,15~,안전운전 의무 불이행,남,76,1,0,안전모,착용,지방도,교차로,교차로부근,직선,직선,평지,교차로,교차로 - 삼지,포장,건조,맑음,N,전라남도영광군,1,126.514086111111,35.2741666666666
128430,2019,3,17,주,토,경상북도,예천군,차량단독,15~,안전운전 의무 불이행,남,78,1,0,안전모,,군도,단일로,기타단일로,커브ㆍ곡각 ,좌,평지  ,교차로아님,교차로아님,포장,건조,맑음,N,경상북도예천군,1,128.455022222222,36.65495
128444,2019,3,19,야,토,경상남도,거창군,차대차,15~,중앙선 침범,남,60,1,0.15%~0.19%,안전모,미착용,지방도,단일로,기타단일로,직선,직선,평지,교차로아님,교차로아님,포장,건조,맑음,N,경상남도거창군,1,127.911655555555,35.683625
128456,2019,3,23,야,토,경상남도,남해군,차량단독,미상,안전운전 의무 불이행,남,52,1,0.10%~0.14%,안전모,미착용,군도,단일로,기타단일로,커브ㆍ곡각 ,좌,평지  ,교차로아님,교차로아님,포장,건조,흐림,N,경상남도남해군,1,127.894466666666,34.8345583333333
128486,2019,3,18,야,일,경기도,오산시,차대차,15~,신호위반,남,60,1,0,안전모,착용,지방도,교차로,교차로내,직선,직선,평지,교차로,교차로 - 사지,포장,건조,맑음,N,경기도오산시,1,127.079641666666,37.1469138888888
128503,2019,3,3,야,월,경상북도,포항시,차량단독,1~4,안전운전 의무 불이행,남,34,1,0,안전모,착용,시도,단일로,기타단일로,커브ㆍ곡각 ,좌,평지  ,교차로아님,교차로아님,포장,건조,맑음,N,경상북도포항시,1,129.361666666666,36.0056861111111
128565,2019,3,13,주,화,제주시,서귀포시,차량단독,미상,안전운전 의무 불이행,여,85,1,0,안전모,미착용,군도,단일로,기타단일로,직선,직선,평지,교차로아님,교차로아님,포장,건조,맑음,N,제주시서귀포시,1,126.512555555555,33.25235