,년,월,시간,주야,요일,시도,시군구,사고유형_대분류,면허경과년수,가해자법규위반,성별,연령,사망여부,가해자음주농도,보호장구,안전모_착용여부,도로종류,도로형태_대분류,도로형태,도로선형_대분류,도로선형_중분류,도로선형,교차로형태_대분류,교차로형태,노면상태_대분류,노면상태,기상상태,어린이보호구역여부,시도군구,exists,long,lat
128594,2019,3,7,주,수,울산시,울주군,차량단독,15~,안전운전 의무 불이행,남,79,1,0,안전모,착용,특별광역시도,단일로,기타단일로,커브ㆍ곡각 ,좌,평지  ,교차로아님,교차로아님,포장,건조,맑음,N,울산시울주군,1,129.242474811581,35.5223064790022
128707,2019,3,17,주,금,경기도,광명시,차량단독,15~,안전운전 의무 불이행,남,53,1,0,안전모,,시도,단일로,지하차도(도로)내,직선,직선,평지,교차로아님,교차로아님,포장,건조,맑음,N,경기도광명시,1,126.866708333333,37.47575
128740,2019,3,8,주,토,서울시,강북구,차대차,1~4,안전운전 의무 불이행,남,19,1,0.10%~0.14%,안전모,,특별광역시도,교차로,교차로내,직선,직선,평지,교차로,교차로 - 사지,포장,건조,맑음,N,서울시강북구,1,127.027719444444,37.6369555555555
128809,2019,3,13,주,일,대구시,달서구,차대차,10~14,안전운전 의무 불이행,남,35,1,0,안전모,착용,특별광역시도,단일로,고가도로위,직선,직선,오르막,교차로아님,교차로아님,포장,건조,맑음,N,대구시달서구,1,128.532590453916,35.8299774381395
128904,2019,3,13,주,화,전라북도,군산시,차대차,15~,중앙선 침범,남,72,1,0,안전모,미착용,시도,단일로,기타단일로,직선,직선,평지,교차로아님,교차로아님,포장,건조,맑음,N,전라북도군산시,1,126.738844444444,35.9646416666666
128909,2019,3,14,주,화,세종시,세종시,차대차,15~,교차로 통행방법 위반,남,76,1,0,안전모,미착용,시도,교차로,교차로내,직선,직선,평지,교차로,교차로 - 사지,포장,건조,맑음,N,세종시세종시,1,127.289448,36.479522
128926,2019,3,19,야,화,경상북도,영주시,차대차,5~9,신호위반,남,27,1,0,안전모,,시도,교차로,교차로내,직선,직선,평지,교차로,교차로 - 사지,포장,건조,맑음,N,경상북도영주시,1,128.626344444444,36.8029361111111
128933,2019,3,20,야,화,경기도,여주시,차량단독,1~4,안전운전 의무 불이행,남,17,1,0,안전모,,일반국도,단일로,기타단일로,직선,직선,평지,교차로아님,교차로아님,포장,건조,기타,N,경기도여주시,1,127.639622222222,37.2953583333333
129120,2019,3,11,주,토,전라남도,여수시,차량단독,15~,안전운전 의무 불이행,남,55,1,0,안전모,착용,지방도,단일로,기타단일로,직선,직선,평지,교차로아님,교차로아님,포장,건조,맑음,N,전라남도여수시,1,127.664386111111,34.7573111111111
129321,2019,4,22,야,화,울산시,북구,차대차,1~4,신호위반,남,35,1,0,안전모,착용,특별광역시도,교차로,교차로내,직선,직선,평지,교차로,교차로 - 사지,포장,건조,맑음,N,울산시북구,1,129.361244971292,35.5827078312412
129324,2019,4,0,야,수,충청남도,홍성군,차량단독,15~,안전운전 의무 불이행,남,81,1,0.15%~0.19%,안전모,미착용,지방도,단일로,기타단일로,직선,직선,평지,교차로아님,교차로아님,포장,건조,맑음,N,충청남도홍성군,1,126.662908333333,36.5983611111111
129332,2019,4,7,주,수,대구시,달서구,차량단독,15~,안전운전 의무 불이행,남,54,1,0,안전모,착용,특별광역시도,단일로,고가도로위,커브ㆍ곡각 ,우,내리막,교차로아님,교차로아님,포장,건조,맑음,N,대구시달서구,1,128.532590453916,35.8299774381395
129386,2019,4,8,주,목,인천시,부평구,차대차,미상,신호위반,남,45,1,0,안전모,착용,특별광역시도,교차로,교차로내,직선,직선,평지,교차로,교차로 - 사지,포장,건조,맑음,N,인천시부평구,1,126.721906848531,37.5078420372559
129422,2019,4,19,야,목,경기도,안성시,차대차,미상,중앙선 침범,남,66,1,0.05%~0.09%,안전모,착용,일반국도,단일로,기타단일로,커브ㆍ곡각 ,좌,평지  ,교차로아님,교차로아님,포장,건조,맑음,N,경기도안성시,1,127.281844444444,37.005175
129445,2019,4,13,주,금,경기도,수원시,차량단독,미상,안전운전 의무 불이행,남,76,1,0,안전모,미착용,시도,단일로,기타단일로,직선,직선,평지,교차로아님,교차로아님,포장,건조,맑음,N,경기도수원시,1,127.012222222222,37.3010111111111
129486,2019,4,2,야,토,경기도,고양시,차량단독,15~,안전운전 의무 불이행,남,19,1,0,안전모,미착용,시도,단일로,기타단일로,직선,직선,평지,교차로아님,교차로아님,포장,건조,맑음,N,경기도고양시,1,126.777055555555,37.6559083333333
129548,2019,4,2,야,일,서울시,성북구,차량단독,15~,안전운전 의무 불이행,남,26,1,0.10%~0.14%,안전모,미착용,특별광역시도,단일로,기타단일로,직선,직선,오르막,교차로아님,교차로아님,포장,젖음/습기,흐림,N,서울시성북구,1,127.020333333333,37.5863833333333
129572,2019,4,14,주,일,경기도,광주시,차량단독,15~,안전운전 의무 불이행,남,52,1,0,안전모,착용,일반국도,단일로,기타단일로,커브ㆍ곡각 ,좌,내리막,교차로아님,교차로아님,포장,건조,맑음,N,경기도광주시,1,127.257786111111,37.4145055555555
129605,2019,4,6,주,월,경상남도,사천시,차대차,15~,신호위반,여,59,1,0,안전모,착용,시도,교차로,교차로내,직선,직선,평지,교차로,교차로 - 사지,포장,건조,맑음,N,경상남도사천시,1,128.066777777777,35.0002833333333
129660,2019,4,1,야,화,경기도,남양주시,차대차,미상,중앙선 침범,남,23,1,0,안전모,미착용,지방도,단일로,기타단일로,직선,직선,평지,교차로아님,교차로아님,포장,건조,맑음,N,경기도남양주시,1,127.218633333333,37.6331777777777
129789,2019,4,17,주,목,경상북도,성주군,차대차,1~4,안전운전 의무 불이행,남,69,1,0,,,지방도,교차로,교차로내,직선,직선,평지,교차로,교차로 - 사지,포장,건조,맑음,N,경상북도성주군,1,128.285152777777,35.9162111111111
129925,2019,4,11,주,일,충청남도,천안시,차대차,1~4,신호위반,남,19,1,0,안전모,착용,시도,교차로,교차로내,직선,직선,내리막,교차로,교차로 - 사지,포장,젖음/습기,비,N,충청남도천안시,1,127.152466666666,36.804125
129936,2019,4,14,주,일,충청남도,논산시,차량단독,15~,안전운전 의무 불이행,남,67,1,0,안전모,착용,시도,교차로,교차로부근,직선,직선,평지,교차로,교차로 - 삼지,포장,건조,맑음,N,충청남도논산시,1,127.100911111111,36.1842027777777
129966,2019,4,23,야,일,경상남도,함안군,차량단독,미상,안전운전 의무 불이행,남,38,1,0.20%~0.24%,안전모,착용,군도,단일로,기타단일로,커브ㆍ곡각 ,좌,평지  ,교차로아님,교차로아님,포장,건조,흐림,N,경상남도함안군,1,128.408708333333,35.2694055555555
130040,2019,4,11,주,화,경상북도,경주시,차량단독,15~,안전운전 의무 불이행,남,79,1,0,안전모,미착용,시도,단일로,기타단일로,직선,직선,평지,교차로아님,교차로아님,포장,건조,맑음,N,경상북도경주시,1,129.227022222222,35.8531694444444
130105,2019,4,8,주,수,부산시,해운대구,차대차,15~,안전운전 의무 불이행,남,63,1,0,안전모,착용,특별광역시도,단일로,기타단일로,직선,직선,평지,교차로아님,교차로아님,포장,건조,맑음,N,부산시해운대구,1,129.165808333333,35.1600194444444
130165,2019,4,8,주,목,충청북도,진천군,차량단독,10~14,안전운전 의무 불이행,남,33,1,0,안전모,미착용,지방도,단일로,기타단일로,직선,직선,평지,교차로아님,교차로아님,포장,건조,맑음,N,충청북도진천군,1,127.437644444444,36.8525388888888
130204,2019,4,17,주,목,경기도,고양시,차대차,15~,안전운전 의무 불이행,남,68,1,0,안전모,착용,시도,교차로,교차로부근,직선,직선,평지,교차로,교차로 - 삼지,포장,건조,맑음,N,경기도고양시,1,126.777055555555,37.6559083333333
130238,2019,4,11,주,금,전라북도,익산시,차대차,15~,안전운전 의무 불이행,남,73,1,0,안전모,,시도,단일로,기타단일로,직선,직선,평지,교차로아님,교차로아님,포장,건조,맑음,N,전라북도익산시,1,126.959852777777,35.9452749999999
130274,2019,4,18,야,금,강원도,원주시,차대차,미상,안전운전 의무 불이행,남,17,1,0,안전모,착용,시도,교차로,교차로내,직선,직선,평지,교차로,교차로 - 사지,포장,건조,맑음,N,강원도원주시,1,127.922055555555,37.3390833333333
130305,2019,4,1,야,토,서울시,성동구,차량단독,1~4,안전운전 의무 불이행,남,29,1,0,안전모,미착용,특별광역시도,단일로,기타단일로,직선,직선,평지,교차로아님,교차로아님,포장,건조,맑음,N,서울시성동구,1,127.039,37.5606111111111
130390,2019,4,18,야,일,전라북도,진안군,차량단독,1~4,안전운전 의무 불이행,남,62,1,0.25%~0.29%,안전모,착용,군도,단일로,기타단일로,직선,직선,평지,교차로아님,교차로아님,포장,건조,맑음,N,전라북도진안군,1,127.426966666666,35.7887194444444
130422,2019,4,8,주,월,제주시,제주시,차대차,15~,,여,70,1,0,안전모,,지방도,교차로,교차로내,직선,직선,평지,교차로,교차로 - 삼지,포장,건조,맑음,N,제주시제주시,1,126.533208333333,33.4963111111111
130576,2019,4,5,야,목,경기도,수원시,차량단독,10~14,안전운전 의무 불이행,남,32,1,0.20%~0.24%,안전모,착용,,단일로,기타단일로,직선,직선,평지,교차로아님,교차로아님,포장,건조,맑음,N,경기도수원시,1,127.012222222222,37.3010111111111
130581,2019,4,10,주,목,경상북도,군위군,차대차,15~,안전운전 의무 불이행,남,51,1,0,안전모,착용,일반국도,단일로,기타단일로,커브ㆍ곡각 ,우,평지  ,교차로아님,교차로아님,포장,건조,맑음,N,경상북도군위군,1,128.575077777777,36.2399972222222
130671,2019,4,16,주,금,충청북도,진천군,차대차,15~,교차로 통행방법 위반,남,77,1,0,안전모,착용,군도,교차로,교차로내,직선,직선,평지,교차로,교차로 - 사지,포장,젖음/습기,비,N,충청북도진천군,1,127.437644444444,36.8525388888888
130726,2019,4,12,주,토,경상북도,안동시,차대차,15~,안전운전 의무 불이행,남,72,1,0,안전모,착용,시도,교차로,교차로부근,직선,직선,평지,교차로,교차로 - 삼지,포장,건조,맑음,N,경상북도안동시,1,128.731622222222,36.5654638888888
130771,2019,4,3,야,일,부산시,사하구,차대차,미상,신호위반,남,16,1,0,안전모,미착용,특별광역시도,교차로,교차로내,직선,직선,평지,교차로,교차로 - 사지,포장,건조,맑음,N,부산시사하구,1,128.977041666666,35.1014277777777
130793,2019,4,14,주,일,강원도,홍천군,차량단독,15~,안전운전 의무 불이행,남,46,1,0,안전모,착용,일반국도,단일로,기타단일로,커브ㆍ곡각 ,좌,평지  ,교차로아님,교차로아님,포장,건조,흐림,N,강원도홍천군,1,127.890841666666,37.6944222222222
130825,2019,4,0,야,월,충청북도,충주시,차량단독,5~9,안전운전 의무 불이행,남,28,1,0,안전모,착용,,,,직선,직선,오르막,교차로아님,교차로아님,포장,건조,맑음,N,충청북도충주시,1,127.928144444444,36.9881805555555
130843,2019,4,11,주,월,경기도,평택시,차대차,15~,안전거리 미확보,남,74,1,0,안전모,미착용,지방도,단일로,기타단일로,커브ㆍ곡각 ,우,평지  ,교차로아님,교차로아님,포장,건조,맑음,N,경기도평택시,1,127.114655555555,36.9894388888888
130849,2019,4,14,주,월,충청북도,음성군,차량단독,5~9,안전운전 의무 불이행,남,40,1,0,안전모,착용,일반국도,단일로,기타단일로,커브ㆍ곡각 ,좌,평지  ,교차로아님,교차로아님,포장,건조,흐림,N,충청북도음성군,1,127.692622222222,36.9374055555555
130911,2019,4,15,주,화,충청북도,보은군,차대차,15~,중앙선 침범,여,69,1,0,안전모,,지방도,교차로,교차로내,직선,직선,평지,교차로,교차로 - 삼지,포장,건조,맑음,N,충청북도보은군,1,127.731608333333,36.4865333333333
130957,2019,5,12,주,수,경상북도,군위군,차량단독,15~,안전운전 의무 불이행,남,56,1,0,안전모,착용,군도,단일로,기타단일로,커브ㆍ곡각 ,우,평지  ,교차로아님,교차로아님,포장,건조,맑음,N,경상북도군위군,1,128.575077777777,36.2399972222222
131001,2019,5,21,야,수,대전시,서구,차대차,15~,신호위반,남,40,1,0,안전모,착용,특별광역시도,교차로,교차로내,직선,직선,평지,교차로,교차로 - 사지,포장,건조,맑음,N,대전시서구,1,127.383415811453,36.3570729893642
131071,2019,5,3,야,금,충청북도,청주시,차량단독,10~14,안전운전 의무 불이행,남,29,1,0,,,시도,단일로,기타단일로,직선,직선,평지,교차로아님,교차로아님,포장,건조,맑음,N,충청북도청주시,1,127.511730555555,36.5839972222222
131128,2019,5,1,야,토,경기도,안양시,차대차,5~9,안전운전 의무 불이행,남,32,1,0,안전모,착용,시도,단일로,기타단일로,직선,직선,평지,교차로아님,교차로아님,포장,건조,맑음,N,경기도안양시,1,126.953355555555,37.3897
131147,2019,5,11,주,토,경상남도,함양군,차량단독,미상,안전운전 의무 불이행,남,51,1,0,안전모,착용,군도,단일로,기타단일로,커브ㆍ곡각 ,우,내리막,교차로아님,교차로아님,포장,건조,맑음,N,경상남도함양군,1,127.727419444444,35.5174694444444
131253,2019,5,16,주,일,대구시,동구,차대차,미상,,남,81,1,0,안전모,착용,특별광역시도,교차로,교차로횡단보도내,직선,직선,평지,교차로,교차로 - 삼지,포장,건조,맑음,N,대구시동구,1,128.635558440423,35.8868272789712
131276,2019,5,21,야,일,경상남도,창원시,차량단독,미상,안전운전 의무 불이행,남,46,1,0,안전모,미착용,시도,단일로,기타단일로,커브ㆍ곡각 ,좌,평지  ,교차로아님,교차로아님,포장,건조,맑음,N,경상남도창원시,1,128.6401544,35.2540033
131292,2019,5,5,야,월,경기도,성남시,차량단독,1~4,안전운전 의무 불이행,남,24,1,0,안전모,착용,시도,단일로,기타단일로,직선,직선,평지,교차로아님,교차로아님,포장,건조,맑음,N,경기도성남시,1,127.147719444444,37.4474916666666
131374,2019,5,5,야,화,경기도,구리시,차량단독,5~9,안전운전 의무 불이행,남,24,1,0,안전모,착용,시도,단일로,기타단일로,커브ㆍ곡각 ,좌,내리막,교차로아님,교차로아님,포장,건조,맑음,N,경기도구리시,1,127.131863888888,37.591625
131441,2019,5,2,야,수,경기도,고양시,차대차,5~9,안전운전 의무 불이행,남,26,1,0,안전모,착용,시도,단일로,기타단일로,직선,직선,평지,교차로아님,교차로아님,포장,건조,맑음,N,경기도고양시,1,126.777055555555,37.6559083333333
131624,2019,5,5,야,토,울산시,울주군,차량단독,15~,안전운전 의무 불이행,남,18,1,0,안전모,착용,특별광역시도,단일로,기타단일로,커브ㆍ곡각 ,우,평지  ,교차로아님,교차로아님,포장,건조,맑음,N,울산시울주군,1,129.242474811581,35.5223064790022
131665,2019,5,17,주,토,충청남도,예산군,차량단독,15~,안전운전 의무 불이행,남,72,1,0,안전모,착용,군도,단일로,기타단일로,커브ㆍ곡각 ,좌,내리막,교차로아님,교차로아님,포장,건조,맑음,N,충청남도예산군,1,126.850874999999,36.6798055555555
131696,2019,5,4,야,일,부산시,수영구,차량단독,1~4,안전운전 의무 불이행,남,23,1,0,안전모,착용,특별광역시도,단일로,기타단일로,직선,직선,평지,교차로아님,교차로아님,포장,건조,맑음,N,부산시수영구,1,129.115375,35.1424666666666
131701,2019,5,8,주,일,부산시,사하구,차량단독,15~,안전운전 의무 불이행,남,35,1,0.15%~0.19%,안전모,미착용,특별광역시도,단일로,기타단일로,직선,직선,오르막,교차로아님,교차로아님,포장,건조,맑음,N,부산시사하구,1,128.977041666666,35.1014277777777
131760,2019,5,10,주,월,충청북도,보은군,차대차,15~,신호위반,남,75,1,0,안전모,착용,일반국도,교차로,교차로내,직선,직선,평지,교차로,교차로 - 사지,포장,건조,맑음,N,충청북도보은군,1,127.731608333333,36.4865333333333
131773,2019,5,13,주,월,울산시,북구,차대차,1~4,과속,남,22,1,0,안전모,착용,특별광역시도,단일로,기타단일로,직선,직선,평지,교차로아님,교차로아님,포장,건조,맑음,N,울산시북구,1,129.361244971292,35.5827078312412
131805,2019,5,21,야,월,전라남도,강진군,차량단독,15~,안전운전 의무 불이행,남,61,1,0.20%~0.24%,안전모,미착용,군도,교차로,교차로내,직선,직선,평지,교차로,교차로 - 삼지,포장,건조,맑음,N,전라남도강진군,1,126.769197222222,34.6389111111111
131830,2019,5,13,주,화,서울시,송파구,차대차,15~,신호위반,남,46,1,0,안전모,미착용,특별광역시도,교차로,교차로내,직선,직선,평지,교차로,교차로 - 사지,포장,건조,맑음,N,서울시송파구,1,127.107930555555,37.5117555555555
131870,2019,5,5,야,수,전라북도,전주시,차량단독,10~14,안전운전 의무 불이행,남,62,1,0,안전모,,,단일로,기타단일로,직선,직선,평지,교차로아님,교차로아님,포장,건조,맑음,N,전라북도전주시,1,127.121919444444,35.8091888888888
131873,2019,5,7,주,수,제주시,서귀포시,차대차,15~,안전운전 의무 불이행,남,61,1,0,안전모,미착용,시도,단일로,기타단일로,직선,직선,평지,교차로아님,교차로아님,포장,건조,맑음,N,제주시서귀포시,1,126.512555555555,33.25235
131930,2019,5,23,야,수,경기도,시흥시,차대차,15~,교차로 통행방법 위반,남,20,1,0,안전모,,시도,교차로,교차로내,직선,직선,평지,교차로,교차로 - 사지,포장,건조,맑음,N,경기도시흥시,1,126.805077777777,37.3773194444444
131988,2019,5,18,야,목,전라남도,장흥군,차대차,15~,안전운전 의무 불이행,남,76,1,0,안전모,착용,일반국도,교차로,교차로내,직선,직선,평지,교차로,교차로 - 사지,포장,건조,맑음,N,전라남도장흥군,1,126.909108333333,34.678525
132016,2019,5,9,주,금,전라북도,부안군,차대차,15~,중앙선 침범,남,74,1,0,안전모,착용,지방도,,,직선,직선,평지,교차로아님,교차로아님,포장,건조,맑음,N,전라북도부안군,1,126.735677777777,35.7285333333333
132067,2019,5,19,야,금,경상북도,영천시,차대차,15~,중앙선 침범,남,78,1,0,안전모,착용,시도,단일로,기타단일로,직선,직선,평지,교차로아님,교차로아님,포장,건조,맑음,N,경상북도영천시,1,128.940775,35.9700527777777
132127,2019,5,17,주,토,경기도,양주시,차량단독,15~,안전운전 의무 불이행,남,49,1,0,안전모,착용,시도,단일로,기타단일로,커브ㆍ곡각 ,좌,평지  ,교차로아님,교차로아님,포장,건조,맑음,N,경기도양주시,1,127.047819444444,37.78245
132207,2019,5,5,야,월,경기도,성남시,차량단독,미상,안전운전 의무 불이행,남,16,1,0.05%~0.09%,,,일반국도,단일로,기타단일로,직선,직선,평지,교차로아님,교차로아님,포장,젖음/습기,흐림,N,경기도성남시,1,127.147719444444,37.4474916666666
132217,2019,5,11,주,월,전라남도,여수시,차대차,15~,안전운전 의무 불이행,남,70,1,0,안전모,착용,시도,단일로,기타단일로,직선,직선,내리막,교차로아님,교차로아님,포장,건조,맑음,N,전라남도여수시,1,127.664386111111,34.7573111111111
132273,2019,5,6,주,화,제주시,제주시,차대차,15~,안전운전 의무 불이행,남,64,1,0,안전모,착용,지방도,단일로,기타단일로,직선,직선,평지,교차로아님,교차로아님,포장,건조,맑음,N,제주시제주시,1,126.533208333333,33.4963111111111
132331,2019,5,7,주,수,경기도,김포시,차대차,1~4,안전운전 의무 불이행,남,67,1,0,안전모,착용,시도,단일로,기타단일로,직선,직선,평지,교차로아님,교차로아님,포장,,맑음,N,경기도김포시,1,126.717777777777,37.6124583333333
132418,2019,5,14,주,목,강원도,고성군,차대차,15~,신호위반,남,36,1,0,안전모,착용,일반국도,교차로,교차로내,직선,직선,평지,교차로,교차로 - 삼지,포장,건조,맑음,N,강원도고성군,1,128.470163888888,38.3779611111111
132437,2019,5,19,야,목,경상남도,함양군,차량단독,10~14,안전운전 의무 불이행,남,44,1,0,안전모,미착용,지방도,교차로,교차로부근,커브ㆍ곡각 ,우,평지  ,교차로,교차로 - 삼지,포장,건조,맑음,N,경상남도함양군,1,127.727419444444,35.5174694444444
132508,2019,5,23,야,금,충청남도,천안시,차대차,1~4,신호위반,남,18,1,0,안전모,미착용,시도,교차로,교차로내,직선,직선,내리막,교차로,교차로 - 사지,포장,건조,맑음,N,충청남도천안시,1,127.152466666666,36.804125
132511,2019,5,1,야,토,서울시,서초구,차대차,15~,안전운전 의무 불이행,남,20,1,0.05%~0.09%,안전모,착용,특별광역시도,단일로,기타단일로,직선,직선,내리막,교차로아님,교차로아님,포장,건조,맑음,N,서울시서초구,1,127.034811111111,37.4807861111111
132526,2019,5,8,주,토,충청북도,충주시,차량단독,15~,안전운전 의무 불이행,남,51,1,0,안전모,착용,일반국도,단일로,기타단일로,직선,직선,평지,교차로아님,교차로아님,포장,건조,맑음,N,충청북도충주시,1,127.928144444444,36.9881805555555
132541,2019,5,14,주,토,전라남도,진도군,차대차,15~,중앙선 침범,남,84,1,0,안전모,착용,,,,직선,직선,평지,교차로아님,교차로아님,포장,건조,맑음,N,전라남도진도군,1,126.265544444444,34.48375
132596,2019,5,11,주,일,경상북도,경주시,차대차,15~,중앙선 침범,남,36,1,0,안전모,착용,지방도,단일로,기타단일로,커브ㆍ곡각 ,우,오르막,교차로아님,교차로아님,포장,건조,맑음,N,경상북도경주시,1,129.227022222222,35.8531694444444
132652,2019,5,13,주,월,전라남도,나주시,차대차,15~,신호위반,남,81,1,0,안전모,미착용,일반국도,교차로,교차로내,직선,직선,평지,교차로,교차로 - 사지,포장,건조,맑음,N,전라남도나주시,1,126.712866666666,35.0128388888888
132754,2019,5,9,주,수,충청북도,보은군,차대차,15~,안전운전 의무 불이행,남,83,1,0,안전모,,일반국도,교차로,교차로내,직선,직선,평지,교차로,교차로 - 삼지,포장,건조,맑음,N,충청북도보은군,1,127.731608333333,36.4865333333333
132755,2019,5,9,주,수,경상북도,군위군,차대차,15~,중앙선 침범,남,74,1,0,안전모,,일반국도,단일로,기타단일로,직선,직선,평지,교차로아님,교차로아님,포장,건조,맑음,N,경상북도군위군,1,128.575077777777,36.2399972222222
132769,2019,5,12,주,수,경상남도,밀양시,차량단독,15~,안전운전 의무 불이행,남,59,1,0,안전모,착용,,단일로,기타단일로,직선,직선,평지,교차로아님,교차로아님,포장,건조,맑음,N,경상남도밀양시,1,128.748944444444,35.5007777777777
132858,2019,5,17,주,목,충청남도,천안시,차량단독,15~,안전운전 의무 불이행,남,50,1,0,안전모,미착용,시도,단일로,기타단일로,직선,직선,평지,교차로아님,교차로아님,포장,건조,맑음,N,충청남도천안시,1,127.152466666666,36.804125
132884,2019,5,1,야,금,인천시,연수구,차대차,15~,안전운전 의무 불이행,남,39,1,0,안전모,착용,특별광역시도,단일로,기타단일로,커브ㆍ곡각 ,좌,평지  ,교차로아님,교차로아님,포장,건조,맑음,N,인천시연수구,1,126.678265782781,37.4103812512024
132968,2019,5,23,야,금,울산시,남구,차대차,10~14,신호위반,남,45,1,0,안전모,,특별광역시도,교차로,교차로내,직선,직선,평지,교차로,교차로 - 삼지,포장,건조,맑음,N,울산시남구,1,129.330175357608,35.5440426532722
132975,2019,6,2,야,토,경상남도,창원시,차량단독,1~4,안전운전 의무 불이행,남,25,1,0.15%~0.19%,안전모,미착용,시도,단일로,기타단일로,직선,직선,평지,교차로아님,교차로아님,포장,건조,맑음,N,경상남도창원시,1,128.6401544,35.2540033
132978,2019,6,4,야,토,대구시,북구,차량단독,15~,안전운전 의무 불이행,남,41,1,0,안전모,착용,특별광역시도,단일로,기타단일로,커브ㆍ곡각 ,우,평지  ,교차로아님,교차로아님,포장,건조,맑음,N,대구시북구,1,128.582892353917,35.8858645969598
133043,2019,6,12,주,일,충청북도,제천시,차대차,15~,중앙선 침범,남,48,1,0,안전모,착용,지방도,단일로,지하차도(도로)내,커브ㆍ곡각 ,우,내리막,교차로아님,교차로아님,포장,건조,맑음,N,충청북도제천시,1,128.193152777777,37.1297694444444
133060,2019,6,16,주,일,충청북도,진천군,차량단독,1~4,안전운전 의무 불이행,남,56,1,0,안전모,,지방도,단일로,기타단일로,직선,직선,평지,교차로아님,교차로아님,포장,건조,맑음,N,충청북도진천군,1,127.437644444444,36.8525388888888
133081,2019,6,23,야,일,전라남도,목포시,차량단독,10~14,안전운전 의무 불이행,남,29,1,0,안전모,착용,시도,단일로,기타단일로,직선,직선,오르막,교차로아님,교차로아님,포장,건조,맑음,N,전라남도목포시,1,126.394419444444,34.8087888888888
133140,2019,6,1,야,화,경상남도,진주시,차량단독,5~9,안전운전 의무 불이행,남,23,1,0.10%~0.14%,안전모,미착용,시도,교차로,교차로내,직선,직선,평지,교차로,교차로 - 삼지,포장,건조,맑음,N,경상남도진주시,1,128.109999999999,35.1770333333333
133153,2019,6,10,주,화,경상남도,창원시,차대차,15~,교차로 통행방법 위반,남,77,1,0,안전모,미착용,시도,교차로,교차로내,직선,직선,평지,교차로,교차로 - 삼지,포장,건조,맑음,N,경상남도창원시,1,128.6401544,35.2540033
133202,2019,6,20,야,화,경기도,평택시,차대차,5~9,안전운전 의무 불이행,남,25,1,0,안전모,,시도,단일로,기타단일로,직선,직선,평지,교차로아님,교차로아님,포장,건조,맑음,N,경기도평택시,1,127.114655555555,36.9894388888888
133250,2019,6,17,주,수,부산시,북구,차량단독,1~4,안전운전 의무 불이행,남,25,1,0,안전모,착용,특별광역시도,단일로,기타단일로,직선,직선,평지,교차로아님,교차로아님,포장,건조,맑음,N,부산시북구,1,128.992474999999,35.1941805555555
133271,2019,6,21,야,수,충청남도,서산시,차량단독,1~4,안전운전 의무 불이행,남,27,1,0,안전모,착용,지방도,단일로,기타단일로,커브ㆍ곡각 ,좌,내리막,교차로아님,교차로아님,포장,건조,맑음,N,충청남도서산시,1,126.452163888888,36.7820972222222
133378,2019,6,16,주,금,경상남도,진주시,차량단독,15~,안전운전 의무 불이행,남,50,1,0,안전모,착용,일반국도,단일로,기타단일로,직선,직선,평지,교차로아님,교차로아님,포장,건조,흐림,N,경상남도진주시,1,128.109999999999,35.1770333333333
133508,2019,6,18,야,일,서울시,강서구,차대차,15~,신호위반,남,44,1,0,안전모,착용,특별광역시도,교차로,교차로내,직선,직선,평지,교차로,교차로 - 사지,포장,건조,맑음,N,서울시강서구,1,126.851675,37.5481555555555
133532,2019,6,10,주,월,경상남도,창원시,차대차,5~9,신호위반,남,29,1,0,안전모,착용,시도,교차로,교차로내,직선,직선,오르막,교차로,교차로 - 삼지,포장,건조,맑음,N,경상남도창원시,1,128.6401544,35.2540033
133583,2019,6,0,야,화,부산시,해운대구,차량단독,15~,안전운전 의무 불이행,남,46,1,0.20%~0.24%,안전모,미착용,특별광역시도,단일로,기타단일로,직선,직선,평지,교차로아님,교차로아님,포장,,맑음,N,부산시해운대구,1,129.165808333333,35.1600194444444
133667,2019,6,13,주,수,경상북도,고령군,차대차,15~,신호위반,남,65,1,0,안전모,,일반국도,교차로,교차로내,직선,직선,평지,교차로,교차로 - 사지,포장,건조,맑음,N,경상북도고령군,1,128.265022222222,35.7229861111111
133685,2019,6,22,야,수,충청남도,공주시,차량단독,15~,안전운전 의무 불이행,남,35,1,0,안전모,착용,지방도,단일로,기타단일로,커브ㆍ곡각 ,우,평지  ,교차로아님,교차로아님,포장,건조,맑음,N,충청남도공주시,1,127.121119444444,36.4436138888888
133686,2019,6,22,야,수,대전시,대덕구,차대차,1~4,신호위반,남,18,1,0,안전모,착용,특별광역시도,교차로,교차로부근,직선,직선,평지,교차로,교차로 - 삼지,포장,건조,맑음,N,대전시대덕구,1,127.417093340521,36.352183835655