,년,월,시간,주야,요일,시도,시군구,사고유형_대분류,면허경과년수,가해자법규위반,성별,연령,사망여부,가해자음주농도,보호장구,안전모_착용여부,도로종류,도로형태_대분류,도로형태,도로선형_대분류,도로선형_중분류,도로선형,교차로형태_대분류,교차로형태,노면상태_대분류,노면상태,기상상태,어린이보호구역여부,시도군구,exists,long,lat
133701,2019,6,9,주,목,경기도,김포시,차대차,15~,신호위반,남,75,1,0,안전모,미착용,일반국도,교차로,교차로부근,직선,직선,평지,교차로,교차로 - 사지,포장,건조,맑음,N,경기도김포시,1,126.717777777777,37.6124583333333
133811,2019,6,6,주,토,서울시,동대문구,차대차,15~,신호위반,남,71,1,0,안전모,착용,특별광역시도,교차로,교차로내,직선,직선,평지,교차로,교차로 - 사지,포장,건조,맑음,N,서울시동대문구,1,127.042141666666,37.571625
133826,2019,6,11,주,토,전라남도,해남군,차대차,15~,중앙선 침범,남,74,1,0,안전모,미착용,,단일로,기타단일로,직선,직선,평지,교차로아님,교차로아님,포장,건조,맑음,N,전라남도해남군,1,126.601288888888,34.5704361111111
133848,2019,6,16,주,토,경기도,수원시,차대차,15~,안전거리 미확보,남,75,1,0,안전모,착용,시도,단일로,기타단일로,직선,직선,평지,교차로아님,교차로아님,포장,건조,맑음,N,경기도수원시,1,127.012222222222,37.3010111111111
134006,2019,6,23,야,월,서울시,종로구,차대차,5~9,안전운전 의무 불이행,남,27,1,0,안전모,미착용,특별광역시도,단일로,기타단일로,직선,직선,평지,교차로아님,교차로아님,포장,건조,맑음,N,서울시종로구,1,126.981641666666,37.5703777777777
134069,2019,6,5,야,수,서울시,동대문구,차량단독,1~4,안전운전 의무 불이행,남,34,1,0,안전모,,특별광역시도,교차로,교차로부근,직선,직선,평지,교차로,교차로 - 삼지,포장,건조,맑음,N,서울시동대문구,1,127.042141666666,37.571625
134079,2019,6,9,주,수,인천시,남동구,차대차,1~4,교차로 통행방법 위반,남,34,1,0,안전모,착용,특별광역시도,교차로,교차로내,직선,직선,평지,교차로,교차로 - 사지,포장,건조,맑음,N,인천시남동구,1,126.730966889481,37.4497106167382
134084,2019,6,11,주,수,전라남도,보성군,차대차,5~9,안전거리 미확보,남,81,1,0,안전모,착용,일반국도,교차로,교차로부근,직선,직선,평지,교차로,교차로 - 사지,포장,건조,맑음,N,전라남도보성군,1,127.082088888888,34.7683333333333
134137,2019,6,21,야,수,충청남도,청양군,차대차,미상,안전운전 의무 불이행,남,69,1,0.15%~0.19%,안전모,,일반국도,교차로,교차로부근,직선,직선,평지,교차로,교차로 - 삼지,포장,건조,맑음,N,충청남도청양군,1,126.804255555555,36.4562694444444
134192,2019,6,19,야,목,경상남도,함안군,차량단독,미상,안전운전 의무 불이행,남,63,1,0,안전모,,,교차로,교차로부근,직선,직선,내리막,교차로,교차로 - 사지,포장,건조,맑음,N,경상남도함안군,1,128.408708333333,35.2694055555555
134244,2019,6,18,야,금,전라북도,순창군,차대차,15~,,남,72,1,0,안전모,미착용,일반국도,교차로,교차로내,직선,직선,평지,교차로,교차로 - 사지,포장,건조,맑음,N,전라북도순창군,1,127.139630555555,35.3713888888888
134269,2019,6,3,야,토,경기도,평택시,차대차,5~9,중앙선 침범,남,45,1,0.15%~0.19%,안전모,착용,일반국도,단일로,기타단일로,직선,직선,평지,교차로아님,교차로아님,포장,건조,맑음,N,경기도평택시,1,127.114655555555,36.9894388888888
134415,2019,6,2,야,월,경상북도,경산시,차량단독,10~14,안전운전 의무 불이행,남,29,1,0,안전모,착용,시도,단일로,기타단일로,커브ㆍ곡각 ,좌,평지  ,교차로아님,교차로아님,포장,건조,맑음,N,경상북도경산시,1,128.743463888888,35.8220888888888
134483,2019,6,8,주,화,대구시,달성군,차대차,1~4,안전운전 의무 불이행,남,58,1,0,안전모,착용,특별광역시도,단일로,기타단일로,직선,직선,평지,교차로아님,교차로아님,포장,건조,맑음,N,대구시달성군,1,128.431399499941,35.7747502893017
134504,2019,6,14,주,화,제주시,서귀포시,차량단독,15~,안전운전 의무 불이행,남,22,1,0,안전모,,지방도,단일로,기타단일로,커브ㆍ곡각 ,좌,평지  ,교차로아님,교차로아님,포장,건조,맑음,N,제주시서귀포시,1,126.512555555555,33.25235
134558,2019,6,8,주,수,충청북도,청주시,차대차,15~,신호위반,남,83,1,0,안전모,착용,시도,교차로,교차로내,직선,직선,평지,교차로,교차로 - 삼지,포장,건조,맑음,N,충청북도청주시,1,127.511730555555,36.5839972222222
134741,2019,6,4,야,토,경기도,하남시,차량단독,1~4,안전운전 의무 불이행,남,18,1,0,안전모,미착용,지방도,단일로,기타단일로,직선,직선,평지,교차로아님,교차로아님,포장,젖음/습기,비,N,경기도하남시,1,127.217,37.5364972222222
134853,2019,7,8,주,월,강원도,강릉시,차대차,15~,안전운전 의무 불이행,남,81,1,0,안전모,착용,시도,교차로,교차로내,직선,직선,평지,교차로,교차로 - 사지,포장,건조,맑음,N,강원도강릉시,1,128.878497222222,37.7491361111111
134865,2019,7,11,주,월,전라남도,보성군,차대차,15~,신호위반,남,65,1,0,안전모,착용,일반국도,교차로,교차로내,직선,직선,평지,교차로,교차로 - 사지,포장,젖음/습기,비,N,전라남도보성군,1,127.082088888888,34.7683333333333
134886,2019,7,16,주,월,경기도,시흥시,차대차,10~14,과속,남,39,1,0,안전모,착용,시도,단일로,기타단일로,직선,직선,평지,교차로아님,교차로아님,포장,건조,맑음,N,경기도시흥시,1,126.805077777777,37.3773194444444
134997,2019,7,17,주,수,대전시,대덕구,차대차,5~9,,남,83,1,0,,,특별광역시도,교차로,교차로내,직선,직선,내리막,교차로,교차로 - 삼지,포장,건조,맑음,N,대전시대덕구,1,127.417093340521,36.352183835655
135103,2019,7,5,야,금,경상남도,김해시,차대차,미상,안전운전 의무 불이행,남,59,1,0,안전모,,시도,교차로,교차로부근,직선,직선,평지,교차로,교차로 - 삼지,포장,건조,맑음,N,경상남도김해시,1,128.891666666666,35.2255055555555
135172,2019,7,8,주,토,경기도,평택시,차량단독,미상,안전운전 의무 불이행,남,67,1,0.10%~0.14%,안전모,미착용,,단일로,기타단일로,직선,직선,평지,교차로아님,교차로아님,포장,건조,맑음,N,경기도평택시,1,127.114655555555,36.9894388888888
135175,2019,7,9,주,토,충청남도,예산군,차대차,15~,신호위반,남,75,1,0,안전모,착용,일반국도,교차로,교차로내,직선,직선,평지,교차로,교차로 - 오지이상,포장,건조,맑음,N,충청남도예산군,1,126.850874999999,36.6798055555555
135210,2019,7,16,주,토,경기도,김포시,차량단독,미상,안전운전 의무 불이행,남,60,1,0.20%~0.24%,안전모,착용,,단일로,기타단일로,커브ㆍ곡각 ,좌,평지  ,교차로아님,교차로아님,포장,건조,맑음,N,경기도김포시,1,126.717777777777,37.6124583333333
135249,2019,7,3,야,일,부산시,사상구,차량단독,10~14,안전운전 의무 불이행,남,31,1,0,안전모,착용,특별광역시도,단일로,기타단일로,커브ㆍ곡각 ,우,평지  ,교차로아님,교차로아님,포장,건조,맑음,N,부산시사상구,1,128.993333333333,35.1494666666666
135267,2019,7,11,주,일,전라남도,장성군,차량단독,10~14,안전운전 의무 불이행,남,34,1,0,안전모,착용,군도,단일로,기타단일로,커브ㆍ곡각 ,좌,평지  ,교차로아님,교차로아님,포장,건조,맑음,N,전라남도장성군,1,126.786975,35.2988111111111
135389,2019,7,12,주,화,부산시,부산진구,차대차,미상,안전운전 의무 불이행,남,75,1,0,안전모,착용,특별광역시도,교차로,교차로내,직선,직선,평지,교차로,교차로 - 사지,포장,건조,맑음,N,부산시부산진구,1,129.055319444444,35.1599527777777
135529,2019,7,6,주,금,울산시,울주군,차대차,15~,신호위반,여,62,1,0,안전모,,특별광역시도,교차로,교차로내,직선,직선,평지,교차로,교차로 - 사지,포장,젖음/습기,흐림,N,울산시울주군,1,129.242474811581,35.5223064790022
135596,2019,7,7,주,토,서울시,중랑구,차량단독,1~4,안전운전 의무 불이행,남,26,1,0,안전모,착용,특별광역시도,교차로,교차로부근,커브ㆍ곡각 ,좌,오르막,교차로,교차로 - 사지,포장,건조,흐림,N,서울시중랑구,1,127.094777777777,37.6038055555555
135650,2019,7,5,야,일,경상남도,거제시,차대차,1~4,신호위반,남,16,1,0,안전모,착용,시도,교차로,교차로내,직선,직선,평지,교차로,교차로 - 사지,포장,건조,맑음,N,경상남도거제시,1,128.623355555555,34.8773583333333
135756,2019,7,21,야,월,전라북도,순창군,차대차,15~,안전운전 의무 불이행,남,44,1,0,안전모,미착용,군도,교차로,교차로부근,직선,직선,평지,교차로,교차로 - 삼지,포장,젖음/습기,비,N,전라북도순창군,1,127.139630555555,35.3713888888888
135913,2019,7,16,주,목,경상북도,의성군,차대차,15~,신호위반,남,81,1,0,안전모,미착용,일반국도,교차로,교차로내,직선,직선,평지,교차로,교차로 - 사지,포장,건조,맑음,N,경상북도의성군,1,128.699363888888,36.3497583333333
135948,2019,7,5,야,금,대전시,서구,차량단독,5~9,안전운전 의무 불이행,남,27,1,0,안전모,,특별광역시도,교차로,교차로내,직선,직선,평지,교차로,교차로 - 사지,포장,건조,맑음,N,대전시서구,1,127.383415811453,36.3570729893642
136123,2019,7,7,주,월,경기도,용인시,차량단독,미상,안전운전 의무 불이행,남,18,1,0.05%~0.09%,안전모,미착용,시도,단일로,기타단일로,직선,직선,평지,교차로아님,교차로아님,포장,건조,맑음,N,경기도용인시,1,127.203844444444,37.2314777777777
136139,2019,7,10,주,월,충청북도,보은군,차대차,15~,교차로 통행방법 위반,여,73,1,0,안전모,미착용,지방도,교차로,교차로내,직선,직선,평지,교차로,교차로 - 사지,포장,건조,맑음,N,충청북도보은군,1,127.731608333333,36.4865333333333
136140,2019,7,10,주,월,충청북도,보은군,차량단독,15~,안전운전 의무 불이행,남,79,1,0,안전모,착용,지방도,단일로,지하차도(도로)내,직선,직선,평지,교차로아님,교차로아님,포장,,맑음,N,충청북도보은군,1,127.731608333333,36.4865333333333
136151,2019,7,14,주,월,제주시,서귀포시,차대차,5~9,안전거리 미확보,남,77,1,0,,,지방도,단일로,기타단일로,직선,직선,내리막,교차로아님,교차로아님,포장,건조,맑음,N,제주시서귀포시,1,126.512555555555,33.25235
136190,2019,7,22,야,월,부산시,동래구,차량단독,미상,안전운전 의무 불이행,남,15,1,0,안전모,미착용,특별광역시도,단일로,터널안,직선,직선,평지,교차로아님,교차로아님,포장,건조,맑음,N,부산시동래구,1,129.085855555555,35.2018722222222
136199,2019,7,1,야,화,울산시,남구,차량단독,5~9,안전운전 의무 불이행,남,40,1,0,안전모,착용,특별광역시도,단일로,교량위,커브ㆍ곡각 ,좌,평지  ,교차로아님,교차로아님,포장,건조,맑음,N,울산시남구,1,129.330175357608,35.5440426532722
136265,2019,7,9,주,수,서울시,동대문구,차대차,15~,안전운전 의무 불이행,남,26,1,0,안전모,착용,특별광역시도,단일로,교량위,직선,직선,평지,교차로아님,교차로아님,포장,젖음/습기,흐림,N,서울시동대문구,1,127.042141666666,37.571625
136323,2019,7,0,야,목,충청남도,천안시,차대차,미상,중앙선 침범,남,35,1,0,안전모,착용,시도,단일로,기타단일로,직선,직선,평지,교차로아님,교차로아님,포장,젖음/습기,비,N,충청남도천안시,1,127.152466666666,36.804125
136443,2019,7,2,야,토,인천시,남동구,차량단독,1~4,안전운전 의무 불이행,남,39,1,0,안전모,착용,특별광역시도,단일로,기타단일로,직선,직선,평지,교차로아님,교차로아님,포장,젖음/습기,흐림,N,인천시남동구,1,126.730966889481,37.4497106167382
136453,2019,7,8,주,토,경상북도,안동시,차대차,5~9,중앙선 침범,남,30,1,0,안전모,,시도,단일로,기타단일로,커브ㆍ곡각 ,우,내리막,교차로아님,교차로아님,포장,건조,맑음,N,경상북도안동시,1,128.731622222222,36.5654638888888
136507,2019,7,2,야,일,부산시,부산진구,차량단독,15~,안전운전 의무 불이행,남,54,1,0,안전모,미착용,특별광역시도,단일로,기타단일로,직선,직선,오르막,교차로아님,교차로아님,포장,건조,맑음,N,부산시부산진구,1,129.055319444444,35.1599527777777
136545,2019,7,9,주,월,전라북도,익산시,차대차,15~,신호위반,남,82,1,0,안전모,착용,시도,교차로,교차로내,직선,직선,평지,교차로,교차로 - 사지,포장,건조,맑음,N,전라북도익산시,1,126.959852777777,35.9452749999999
136555,2019,7,13,주,월,충청남도,서산시,차대차,15~,안전운전 의무 불이행,남,84,1,0,안전모,착용,일반국도,교차로,교차로부근,직선,직선,평지,교차로,교차로 - 사지,포장,건조,맑음,N,충청남도서산시,1,126.452163888888,36.7820972222222
136590,2019,7,20,야,월,경상남도,거창군,차량단독,15~,안전운전 의무 불이행,남,23,1,0,안전모,착용,일반국도,단일로,기타단일로,커브ㆍ곡각 ,좌,평지  ,교차로아님,교차로아님,포장,건조,맑음,N,경상남도거창군,1,127.911655555555,35.683625
136599,2019,7,22,야,월,경기도,성남시,차대차,1~4,신호위반,남,26,1,0,안전모,착용,시도,교차로,교차로내,직선,직선,평지,교차로,교차로 - 사지,포장,건조,맑음,N,경기도성남시,1,127.147719444444,37.4474916666666
136608,2019,7,7,주,화,서울시,용산구,차대차,15~,안전거리 미확보,남,67,1,0,안전모,착용,특별광역시도,단일로,기타단일로,직선,직선,평지,교차로아님,교차로아님,포장,건조,맑음,N,서울시용산구,1,126.967522222222,37.5360944444444
136696,2019,7,15,주,수,광주시,광산구,차대차,5~9,안전거리 미확보,여,70,1,0,안전모,착용,특별광역시도,단일로,기타단일로,직선,직선,평지,교차로아님,교차로아님,포장,건조,맑음,N,광주시광산구,1,126.793668011574,35.1399583648888
136698,2019,7,16,주,수,경상남도,함안군,차대차,15~,안전운전 의무 불이행,남,86,1,0,안전모,미착용,군도,교차로,교차로부근,직선,직선,평지,교차로,교차로 - 삼지,포장,건조,맑음,N,경상남도함안군,1,128.408708333333,35.2694055555555
136916,2019,8,17,주,토,경상북도,안동시,차량단독,10~14,안전운전 의무 불이행,여,60,1,0,안전모,,시도,교차로,교차로부근,커브ㆍ곡각 ,우,평지  ,교차로,교차로 - 삼지,포장,건조,맑음,N,경상북도안동시,1,128.731622222222,36.5654638888888
136961,2019,8,16,주,일,전라북도,익산시,차량단독,15~,안전운전 의무 불이행,남,41,1,0,안전모,착용,일반국도,단일로,기타단일로,직선,직선,평지,교차로아님,교차로아님,포장,건조,맑음,N,전라북도익산시,1,126.959852777777,35.9452749999999
137158,2019,8,13,주,수,전라북도,김제시,차대차,5~9,신호위반,남,55,1,0,안전모,착용,지방도,교차로,교차로내,직선,직선,평지,교차로,교차로 - 사지,포장,건조,맑음,N,전라북도김제시,1,126.882752777777,35.8005749999999
137254,2019,8,22,야,목,전라북도,전주시,차대차,15~,신호위반,남,36,1,0,안전모,,시도,교차로,교차로내,직선,직선,평지,교차로,교차로 - 사지,포장,건조,맑음,N,전라북도전주시,1,127.121919444444,35.8091888888888
137262,2019,8,0,야,금,인천시,남동구,차량단독,5~9,안전운전 의무 불이행,남,31,1,0.10%~0.14%,안전모,착용,,,,커브ㆍ곡각 ,좌,평지  ,교차로아님,교차로아님,포장,건조,맑음,N,인천시남동구,1,126.730966889481,37.4497106167382
137272,2019,8,10,주,금,경상남도,김해시,차대차,15~,신호위반,남,75,1,0,안전모,,시도,교차로,교차로내,직선,직선,평지,교차로,교차로 - 사지,포장,건조,맑음,N,경상남도김해시,1,128.891666666666,35.2255055555555
137295,2019,8,18,야,금,전라북도,전주시,차대차,미상,교차로 통행방법 위반,남,73,1,0,안전모,미착용,지방도,교차로,교차로내,직선,직선,평지,교차로,교차로 - 삼지,포장,건조,맑음,N,전라북도전주시,1,127.121919444444,35.8091888888888
137365,2019,8,18,야,토,경기도,안산시,차량단독,15~,안전운전 의무 불이행,남,38,1,0,안전모,착용,시도,교차로,교차로부근,직선,직선,평지,교차로,교차로 - 삼지,포장,건조,맑음,N,경기도안산시,1,126.846819444444,37.2985194444444
137467,2019,8,5,야,월,경상북도,영주시,차대차,15~,안전운전 의무 불이행,남,78,1,0,안전모,착용,시도,단일로,기타단일로,직선,직선,평지,교차로아님,교차로아님,포장,건조,맑음,N,경상북도영주시,1,128.626344444444,36.8029361111111
137603,2019,8,10,주,수,충청남도,서산시,차량단독,미상,안전운전 의무 불이행,남,74,1,0.20%~0.24%,안전모,,지방도,단일로,기타단일로,커브ㆍ곡각 ,우,평지  ,교차로아님,교차로아님,포장,건조,맑음,N,충청남도서산시,1,126.452163888888,36.7820972222222
137641,2019,8,18,야,수,경상북도,고령군,차대차,15~,교차로 통행방법 위반,남,82,1,0,안전모,착용,군도,교차로,교차로내,직선,직선,평지,교차로,교차로 - 사지,포장,건조,맑음,N,경상북도고령군,1,128.265022222222,35.7229861111111
137678,2019,8,9,주,목,경상남도,창원시,차량단독,1~4,안전운전 의무 불이행,남,66,1,0,안전모,미착용,시도,단일로,기타단일로,직선,직선,평지,교차로아님,교차로아님,포장,젖음/습기,비,N,경상남도창원시,1,128.6401544,35.2540033
137828,2019,8,18,야,토,서울시,강동구,차대차,미상,신호위반,남,52,1,0,안전모,착용,특별광역시도,교차로,교차로내,직선,직선,평지,교차로,교차로 - 사지,포장,건조,맑음,N,서울시강동구,1,127.125863888888,37.5273666666666
137837,2019,8,19,야,토,경상남도,함안군,차대차,15~,안전운전 의무 불이행,남,79,1,0,안전모,착용,지방도,교차로,교차로내,직선,직선,평지,교차로,교차로 - 사지,포장,건조,맑음,N,경상남도함안군,1,128.408708333333,35.2694055555555
137873,2019,8,10,주,일,강원도,인제군,차량단독,5~9,안전운전 의무 불이행,남,24,1,0,안전모,착용,일반국도,단일로,기타단일로,커브ㆍ곡각 ,좌,내리막,교차로아님,교차로아님,포장,건조,맑음,N,강원도인제군,1,128.172697222222,38.0669722222222
137969,2019,8,21,야,월,충청남도,아산시,차대차,5~9,신호위반,남,24,1,0,안전모,,시도,교차로,교차로내,직선,직선,평지,교차로,교차로 - 사지,포장,건조,맑음,N,충청남도아산시,1,127.004641666666,36.7871055555555
138054,2019,8,13,주,수,전라북도,진안군,차대차,5~9,,남,84,1,0,안전모,착용,일반국도,단일로,기타단일로,직선,직선,내리막,교차로아님,교차로아님,포장,건조,맑음,N,전라북도진안군,1,127.426966666666,35.7887194444444
138097,2019,8,1,야,목,강원도,화천군,차량단독,15~,안전운전 의무 불이행,남,54,1,0,안전모,착용,지방도,단일로,기타단일로,커브ㆍ곡각 ,좌,오르막,교차로아님,교차로아님,포장,건조,맑음,N,강원도화천군,1,127.710355555555,38.1034083333333
138112,2019,8,14,주,목,경기도,이천시,차대차,15~,신호위반,남,85,1,0,안전모,미착용,일반국도,교차로,교차로내,직선,직선,평지,교차로,교차로 - 사지,포장,건조,맑음,N,경기도이천시,1,127.443219444444,37.2754361111111
138147,2019,8,0,야,금,전라남도,여수시,차량단독,1~4,안전운전 의무 불이행,남,18,1,0,안전모,착용,일반국도,,,커브ㆍ곡각 ,좌,내리막,교차로아님,교차로아님,포장,건조,맑음,N,전라남도여수시,1,127.664386111111,34.7573111111111
138156,2019,8,8,주,금,충청남도,당진시,차대차,15~,교차로 통행방법 위반,남,71,1,0,안전모,착용,시도,교차로,교차로내,직선,직선,내리막,교차로,교차로 - 사지,포장,건조,맑음,N,충청남도당진시,1,126.630252777777,36.89075
138164,2019,8,10,주,금,전라남도,순천시,차대차,10~14,신호위반,남,82,1,0,안전모,착용,시도,교차로,교차로내,직선,직선,평지,교차로,교차로 - 사지,포장,건조,맑음,N,전라남도순천시,1,127.489330555555,34.9476055555555
138168,2019,8,12,주,금,경상북도,구미시,차량단독,미상,안전운전 의무 불이행,남,51,1,0,안전모,,시도,단일로,기타단일로,직선,직선,평지,교차로아님,교차로아님,포장,건조,맑음,N,경상북도구미시,1,128.346777777777,36.11655
138252,2019,8,10,주,토,세종시,세종시,차대차,15~,안전운전 의무 불이행,남,80,1,0,안전모,착용,,단일로,기타단일로,직선,직선,평지,교차로아님,교차로아님,포장,건조,맑음,N,세종시세종시,1,127.289448,36.479522
138324,2019,8,10,주,일,충청남도,부여군,차량단독,10~14,안전운전 의무 불이행,남,71,1,0,안전모,착용,군도,,,커브ㆍ곡각 ,좌,내리막,교차로아님,교차로아님,포장,건조,맑음,N,충청남도부여군,1,126.911863888888,36.2728222222222
138383,2019,8,6,주,월,울산시,남구,차량단독,미상,안전운전 의무 불이행,남,56,1,0,안전모,착용,특별광역시도,단일로,기타단일로,커브ㆍ곡각 ,좌,평지  ,교차로아님,교차로아님,포장,건조,맑음,N,울산시남구,1,129.330175357608,35.5440426532722
138385,2019,8,7,주,월,경기도,화성시,차량단독,15~,안전운전 의무 불이행,남,60,1,0,안전모,착용,시도,단일로,기타단일로,직선,직선,내리막,교차로아님,교차로아님,포장,건조,맑음,N,경기도화성시,1,126.833530555555,37.1968166666666
138459,2019,8,14,주,화,경기도,광주시,차량단독,미상,안전운전 의무 불이행,남,45,1,0,안전모,착용,시도,단일로,기타단일로,커브ㆍ곡각 ,좌,평지  ,교차로아님,교차로아님,포장,건조,맑음,N,경기도광주시,1,127.257786111111,37.4145055555555
138639,2019,8,12,주,금,경상북도,상주시,차량단독,15~,안전운전 의무 불이행,남,82,1,0,안전모,착용,지방도,단일로,기타단일로,직선,직선,평지,교차로아님,교차로아님,포장,건조,맑음,N,경상북도상주시,1,128.161263888888,36.4079694444444
138871,2019,9,21,야,월,경기도,가평군,차대차,15~,중앙선 침범,남,79,1,0,안전모,착용,,교차로,교차로부근,직선,직선,평지,교차로,교차로 - 사지,포장,건조,맑음,N,경기도가평군,1,127.511777777777,37.8288305555555
139049,2019,9,4,야,금,대구시,중구,차대차,5~9,중앙선 침범,남,24,1,0,,,특별광역시도,단일로,기타단일로,직선,직선,평지,교차로아님,교차로아님,포장,건조,맑음,N,대구시중구,1,128.606174457614,35.8695272166858
139055,2019,9,9,주,금,경상북도,경산시,차량단독,15~,안전운전 의무 불이행,남,84,1,0,안전모,,시도,단일로,기타단일로,직선,직선,평지,교차로아님,교차로아님,포장,젖음/습기,흐림,N,경상북도경산시,1,128.743463888888,35.8220888888888
139096,2019,9,22,야,금,인천시,서구,차대차,10~14,신호위반,남,28,1,0,안전모,착용,특별광역시도,교차로,교차로내,직선,직선,평지,교차로,교차로 - 사지,포장,젖음/습기,비,N,인천시서구,1,126.675961611619,37.5454637180429
139456,2019,9,5,야,금,서울시,용산구,차량단독,5~9,안전운전 의무 불이행,남,29,1,0.15%~0.19%,안전모,착용,특별광역시도,단일로,지하차도(도로)내,직선,직선,내리막,교차로아님,교차로아님,포장,건조,맑음,N,서울시용산구,1,126.967522222222,37.5360944444444
139507,2019,9,13,주,토,경상북도,구미시,차대차,15~,신호위반,남,67,1,0,안전모,,시도,교차로,교차로내,직선,직선,평지,교차로,교차로 - 사지,포장,건조,맑음,N,경상북도구미시,1,128.346777777777,36.11655
139546,2019,9,2,야,일,부산시,서구,차대차,미상,신호위반,남,15,1,0,안전모,미착용,특별광역시도,교차로,교차로내,직선,직선,평지,교차로,교차로 - 사지,포장,건조,맑음,N,부산시서구,1,129.026377777777,35.0948361111111
139553,2019,9,7,주,일,경상북도,예천군,차대차,15~,중앙선 침범,남,54,1,0,안전모,착용,지방도,단일로,기타단일로,커브ㆍ곡각 ,우,평지  ,교차로아님,교차로아님,포장,건조,맑음,N,경상북도예천군,1,128.455022222222,36.65495
139557,2019,9,11,주,일,경기도,화성시,차량단독,15~,안전운전 의무 불이행,남,60,1,0,안전모,착용,일반국도,단일로,기타단일로,커브ㆍ곡각 ,우,평지  ,교차로아님,교차로아님,포장,건조,맑음,N,경기도화성시,1,126.833530555555,37.1968166666666
139568,2019,9,15,주,일,전라북도,전주시,차대차,15~,안전거리 미확보,남,67,1,0,안전모,착용,시도,단일로,기타단일로,커브ㆍ곡각 ,우,내리막,교차로아님,교차로아님,포장,건조,맑음,N,전라북도전주시,1,127.121919444444,35.8091888888888
139600,2019,9,0,야,월,전라남도,여수시,차대차,미상,교차로 통행방법 위반,남,16,1,0,안전모,착용,시도,교차로,교차로내,직선,직선,오르막,교차로,교차로 - 사지,포장,건조,맑음,N,전라남도여수시,1,127.664386111111,34.7573111111111
139656,2019,9,21,야,월,경기도,고양시,차대차,10~14,신호위반,남,30,1,0,안전모,착용,시도,교차로,교차로내,직선,직선,평지,교차로,교차로 - 사지,포장,건조,맑음,N,경기도고양시,1,126.777055555555,37.6559083333333
139662,2019,9,1,야,화,서울시,동작구,차량단독,5~9,안전운전 의무 불이행,남,25,1,0,안전모,착용,특별광역시도,단일로,고가도로위,커브ㆍ곡각 ,우,오르막,교차로아님,교차로아님,포장,건조,맑음,N,서울시동작구,1,126.941575,37.5096555555555
139680,2019,9,11,주,화,광주시,동구,차대차,15~,신호위반,남,64,1,0,안전모,착용,특별광역시도,교차로,교차로내,직선,직선,평지,교차로,교차로 - 오지이상,포장,건조,맑음,N,광주시동구,1,126.923090311574,35.1462777551683
139732,2019,9,8,주,수,경상북도,예천군,차대차,미상,안전운전 의무 불이행,남,76,1,0,안전모,착용,군도,교차로,교차로횡단보도내,직선,직선,평지,교차로,교차로 - 삼지,포장,건조,맑음,N,경상북도예천군,1,128.455022222222,36.65495
139799,2019,9,3,야,목,강원도,원주시,차량단독,5~9,안전운전 의무 불이행,남,23,1,0,안전모,미착용,일반국도,단일로,기타단일로,커브ㆍ곡각 ,좌,평지  ,교차로아님,교차로아님,포장,건조,맑음,N,강원도원주시,1,127.922055555555,37.3390833333333
139801,2019,9,6,주,목,울산시,남구,차대차,15~,안전운전 의무 불이행,남,85,1,0,안전모,미착용,특별광역시도,단일로,기타단일로,직선,직선,평지,교차로아님,교차로아님,포장,건조,맑음,N,울산시남구,1,129.330175357608,35.5440426532722
139858,2019,9,4,야,금,세종시,세종시,차대차,1~4,안전운전 의무 불이행,남,19,1,0,안전모,,,교차로,교차로부근,직선,직선,평지,교차로,교차로 - 사지,포장,건조,맑음,N,세종시세종시,1,127.289448,36.479522
139862,2019,9,5,야,금,경기도,구리시,차대차,15~,신호위반,남,64,1,0,안전모,미착용,일반국도,교차로,교차로내,직선,직선,평지,교차로,교차로 - 사지,포장,건조,맑음,N,경기도구리시,1,127.131863888888,37.591625
139867,2019,9,9,주,금,전라남도,보성군,차량단독,15~,안전운전 의무 불이행,남,77,1,0,안전모,,,단일로,기타단일로,직선,직선,오르막,교차로아님,교차로아님,포장,건조,맑음,N,전라남도보성군,1,127.082088888888,34.7683333333333
139874,2019,9,10,주,금,전라북도,고창군,차대차,15~,안전운전 의무 불이행,남,66,1,0,안전모,착용,지방도,단일로,기타단일로,직선,직선,오르막,교차로아님,교차로아님,포장,건조,맑음,N,전라북도고창군,1,126.704108333333,35.4327388888888
139943,2019,9,11,주,토,대전시,서구,차대차,미상,안전운전 의무 불이행,남,22,1,0,안전모,착용,특별광역시도,단일로,기타단일로,직선,직선,평지,교차로아님,교차로아님,포장,젖음/습기,비,N,대전시서구,1,127.383415811453,36.3570729893642
139944,2019,9,11,주,토,경기도,파주시,차량단독,5~9,안전운전 의무 불이행,남,33,1,0,안전모,착용,시도,단일로,기타단일로,직선,직선,평지,교차로아님,교차로아님,포장,건조,맑음,N,경기도파주시,1,126.781952777777,37.7570833333333
139991,2019,9,22,야,토,경상남도,양산시,차량단독,미상,안전운전 의무 불이행,남,18,1,0.15%~0.19%,안전모,미착용,시도,단일로,기타단일로,직선,직선,오르막,교차로아님,교차로아님,포장,젖음/습기,비,N,경상남도양산시,1,129.039411111111,35.3319277777777